CORPORATE BANKS,,,,,,,,,,
Bank,Bank Type,Loan Type,Min Age,Residency Policy,Deposit / LVR Policy,Dummy Loan Amount,Dummy Max Term,Income / Cash Flow Policy,Serviceability Policy,Credit Policy
ANZ,Corporate / other ADI,Agribusiness / Farm Loan,18+ / authorised business applicant,Business/legal status must be acceptable,Contribution/security depends on facility,"$20,000-$5,000,000",Up to 15 years,Business cash flow and financials required,Business serviceability/cash-flow assessment required,Business credit assessment required
ANZ,Corporate / other ADI,Bridging Loan,18,Accepted residency/legal status required,10% demo minimum; >80% LVR extra review,"$50,000-$2,000,000",Up to 30 years,Regular verifiable income required,Must pass serviceability assessment,Acceptable credit history; adverse events may require manual review
ANZ,Corporate / other ADI,Business Overdraft / Line of Credit,18+ / authorised business applicant,Business/legal status must be acceptable,Contribution/security depends on facility,"$20,000-$5,000,000",Up to 15 years,Business cash flow and financials required,Business serviceability/cash-flow assessment required,Business credit assessment required
ANZ,Corporate / other ADI,Business Term Loan,18+ / authorised business applicant,Business/legal status must be acceptable,Contribution/security depends on facility,"$20,000-$5,000,000",Up to 15 years,Business cash flow and financials required,Business serviceability/cash-flow assessment required,Business credit assessment required
ANZ,Corporate / other ADI,Car / Vehicle Loan,18,Accepted residency/legal status required,No deposit if unsecured; security if applicable,"$5,000-$100,000",Up to 7 years,Regular verifiable income required,Must pass affordability assessment,Acceptable credit history; adverse events may require manual review
ANZ,Corporate / other ADI,Commercial Property Loan,18+ / authorised business applicant,Business/legal status must be acceptable,Contribution/security depends on facility,"$20,000-$5,000,000",Up to 15 years,Business cash flow and financials required,Business serviceability/cash-flow assessment required,Business credit assessment required
ANZ,Corporate / other ADI,Commercial Real Estate Finance,Authorised corporate borrower,Corporate/legal status must be acceptable,Facility-specific collateral/leverage,"$500,000+ / negotiated",Negotiated,Audited financials and forecasts required,Debt service / covenant capacity assessed,Corporate credit assessment required
ANZ,Corporate / other ADI,Construction Loan,18,Accepted residency/legal status required,10% demo minimum; >80% LVR extra review,"$50,000-$2,000,000",Up to 30 years,Regular verifiable income required,Must pass serviceability assessment,Acceptable credit history; adverse events may require manual review
ANZ,Corporate / other ADI,Corporate Term Facility,Authorised corporate borrower,Corporate/legal status must be acceptable,Facility-specific collateral/leverage,"$500,000+ / negotiated",Negotiated,Audited financials and forecasts required,Debt service / covenant capacity assessed,Corporate credit assessment required
ANZ,Corporate / other ADI,Equipment / Asset Finance,18+ / authorised business applicant,Business/legal status must be acceptable,Contribution/security depends on facility,"$20,000-$5,000,000",Up to 15 years,Business cash flow and financials required,Business serviceability/cash-flow assessment required,Business credit assessment required
ANZ,Corporate / other ADI,First Home Buyer Loan,18,Accepted residency/legal status required,10% demo minimum; >80% LVR extra review,"$50,000-$2,000,000",Up to 30 years,Regular verifiable income required,Must pass serviceability assessment,Acceptable credit history; adverse events may require manual review
ANZ,Corporate / other ADI,Green / Sustainability Loan,18,Accepted residency/legal status required,No deposit if unsecured; security if applicable,"$5,000-$100,000",Up to 7 years,Regular verifiable income required,Must pass affordability assessment,Acceptable credit history; adverse events may require manual review
ANZ,Corporate / other ADI,Home Loan Refinance,18,Accepted residency/legal status required,10% demo minimum; >80% LVR extra review,"$50,000-$2,000,000",Up to 30 years,Regular verifiable income required,Must pass serviceability assessment,Acceptable credit history; adverse events may require manual review
ANZ,Corporate / other ADI,Investment Property Loan,18,Accepted residency/legal status required,10% demo minimum; >80% LVR extra review,"$50,000-$2,000,000",Up to 30 years,Regular verifiable income required,Must pass serviceability assessment,Acceptable credit history; adverse events may require manual review
ANZ,Corporate / other ADI,Owner-Occupied Home Loan,18,Accepted residency/legal status required,10% demo minimum; >80% LVR extra review,"$50,000-$2,000,000",Up to 30 years,Regular verifiable income required,Must pass serviceability assessment,Acceptable credit history; adverse events may require manual review
ANZ,Corporate / other ADI,Project Finance,Authorised corporate borrower,Corporate/legal status must be acceptable,Facility-specific collateral/leverage,"$500,000+ / negotiated",Negotiated,Audited financials and forecasts required,Debt service / covenant capacity assessed,Corporate credit assessment required
ANZ,Corporate / other ADI,Reverse Mortgage / Equity Release,18,Accepted residency/legal status required,10% demo minimum; >80% LVR extra review,"$50,000-$2,000,000",Up to 30 years,Regular verifiable income required,Must pass serviceability assessment,Acceptable credit history; adverse events may require manual review
ANZ,Corporate / other ADI,Revolving Credit Facility,Authorised corporate borrower,Corporate/legal status must be acceptable,Facility-specific collateral/leverage,"$500,000+ / negotiated",Negotiated,Audited financials and forecasts required,Debt service / covenant capacity assessed,Corporate credit assessment required
ANZ,Corporate / other ADI,Secured Personal Loan,18,Accepted residency/legal status required,No deposit if unsecured; security if applicable,"$5,000-$100,000",Up to 7 years,Regular verifiable income required,Must pass affordability assessment,Acceptable credit history; adverse events may require manual review
ANZ,Corporate / other ADI,SMSF / Self-Managed Super Property Loan,18,Accepted residency/legal status required,10% demo minimum; >80% LVR extra review,"$50,000-$2,000,000",Up to 30 years,Regular verifiable income required,Must pass serviceability assessment,Acceptable credit history; adverse events may require manual review
ANZ,Corporate / other ADI,Trade Finance,Authorised corporate borrower,Corporate/legal status must be acceptable,Facility-specific collateral/leverage,"$500,000+ / negotiated",Negotiated,Audited financials and forecasts required,Debt service / covenant capacity assessed,Corporate credit assessment required
ANZ,Corporate / other ADI,Unsecured Personal Loan,18,Accepted residency/legal status required,No deposit if unsecured; security if applicable,"$5,000-$100,000",Up to 7 years,Regular verifiable income required,Must pass affordability assessment,Acceptable credit history; adverse events may require manual review
ANZ,Corporate / other ADI,Vacant Land Loan,18,Accepted residency/legal status required,10% demo minimum; >80% LVR extra review,"$50,000-$2,000,000",Up to 30 years,Regular verifiable income required,Must pass serviceability assessment,Acceptable credit history; adverse events may require manual review
ANZ,Corporate / other ADI,Working Capital Loan,18+ / authorised business applicant,Business/legal status must be acceptable,Contribution/security depends on facility,"$20,000-$5,000,000",Up to 15 years,Business cash flow and financials required,Business serviceability/cash-flow assessment required,Business credit assessment required
Commonwealth Bank (CommBank),Corporate / other ADI,Agribusiness / Farm Loan,18+ / authorised business applicant,Business/legal status must be acceptable,Contribution/security depends on facility,"$20,000-$5,000,000",Up to 15 years,Business cash flow and financials required,Business serviceability/cash-flow assessment required,Business credit assessment required
Commonwealth Bank (CommBank),Corporate / other ADI,Bridging Loan,18,Accepted residency/legal status required,10% demo minimum; >80% LVR extra review,"$50,000-$2,000,000",Up to 30 years,Regular verifiable income required,Must pass serviceability assessment,Acceptable credit history; adverse events may require manual review
Commonwealth Bank (CommBank),Corporate / other ADI,Business Overdraft / Line of Credit,18+ / authorised business applicant,Business/legal status must be acceptable,Contribution/security depends on facility,"$20,000-$5,000,000",Up to 15 years,Business cash flow and financials required,Business serviceability/cash-flow assessment required,Business credit assessment required
Commonwealth Bank (CommBank),Corporate / other ADI,Business Term Loan,18+ / authorised business applicant,Business/legal status must be acceptable,Contribution/security depends on facility,"$20,000-$5,000,000",Up to 15 years,Business cash flow and financials required,Business serviceability/cash-flow assessment required,Business credit assessment required
Commonwealth Bank (CommBank),Corporate / other ADI,Car / Vehicle Loan,18,Accepted residency/legal status required,No deposit if unsecured; security if applicable,"$5,000-$100,000",Up to 7 years,Regular verifiable income required,Must pass affordability assessment,Acceptable credit history; adverse events may require manual review
Commonwealth Bank (CommBank),Corporate / other ADI,Commercial Property Loan,18+ / authorised business applicant,Business/legal status must be acceptable,Contribution/security depends on facility,"$20,000-$5,000,000",Up to 15 years,Business cash flow and financials required,Business serviceability/cash-flow assessment required,Business credit assessment required
Commonwealth Bank (CommBank),Corporate / other ADI,Commercial Real Estate Finance,Authorised corporate borrower,Corporate/legal status must be acceptable,Facility-specific collateral/leverage,"$500,000+ / negotiated",Negotiated,Audited financials and forecasts required,Debt service / covenant capacity assessed,Corporate credit assessment required
Commonwealth Bank (CommBank),Corporate / other ADI,Construction Loan,18,Accepted residency/legal status required,10% demo minimum; >80% LVR extra review,"$50,000-$2,000,000",Up to 30 years,Regular verifiable income required,Must pass serviceability assessment,Acceptable credit history; adverse events may require manual review
Commonwealth Bank (CommBank),Corporate / other ADI,Corporate Term Facility,Authorised corporate borrower,Corporate/legal status must be acceptable,Facility-specific collateral/leverage,"$500,000+ / negotiated",Negotiated,Audited financials and forecasts required,Debt service / covenant capacity assessed,Corporate credit assessment required
Commonwealth Bank (CommBank),Corporate / other ADI,Equipment / Asset Finance,18+ / authorised business applicant,Business/legal status must be acceptable,Contribution/security depends on facility,"$20,000-$5,000,000",Up to 15 years,Business cash flow and financials required,Business serviceability/cash-flow assessment required,Business credit assessment required
Commonwealth Bank (CommBank),Corporate / other ADI,First Home Buyer Loan,18,Accepted residency/legal status required,10% demo minimum; >80% LVR extra review,"$50,000-$2,000,000",Up to 30 years,Regular verifiable income required,Must pass serviceability assessment,Acceptable credit history; adverse events may require manual review
Commonwealth Bank (CommBank),Corporate / other ADI,Green / Sustainability Loan,18,Accepted residency/legal status required,No deposit if unsecured; security if applicable,"$5,000-$100,000",Up to 7 years,Regular verifiable income required,Must pass affordability assessment,Acceptable credit history; adverse events may require manual review
Commonwealth Bank (CommBank),Corporate / other ADI,Home Loan Refinance,18,Accepted residency/legal status required,10% demo minimum; >80% LVR extra review,"$50,000-$2,000,000",Up to 30 years,Regular verifiable income required,Must pass serviceability assessment,Acceptable credit history; adverse events may require manual review
Commonwealth Bank (CommBank),Corporate / other ADI,Investment Property Loan,18,Accepted residency/legal status required,10% demo minimum; >80% LVR extra review,"$50,000-$2,000,000",Up to 30 years,Regular verifiable income required,Must pass serviceability assessment,Acceptable credit history; adverse events may require manual review
Commonwealth Bank (CommBank),Corporate / other ADI,Owner-Occupied Home Loan,18,Accepted residency/legal status required,10% demo minimum; >80% LVR extra review,"$50,000-$2,000,000",Up to 30 years,Regular verifiable income required,Must pass serviceability assessment,Acceptable credit history; adverse events may require manual review
Commonwealth Bank (CommBank),Corporate / other ADI,Project Finance,Authorised corporate borrower,Corporate/legal status must be acceptable,Facility-specific collateral/leverage,"$500,000+ / negotiated",Negotiated,Audited financials and forecasts required,Debt service / covenant capacity assessed,Corporate credit assessment required
Commonwealth Bank (CommBank),Corporate / other ADI,Reverse Mortgage / Equity Release,18,Accepted residency/legal status required,10% demo minimum; >80% LVR extra review,"$50,000-$2,000,000",Up to 30 years,Regular verifiable income required,Must pass serviceability assessment,Acceptable credit history; adverse events may require manual review
Commonwealth Bank (CommBank),Corporate / other ADI,Revolving Credit Facility,Authorised corporate borrower,Corporate/legal status must be acceptable,Facility-specific collateral/leverage,"$500,000+ / negotiated",Negotiated,Audited financials and forecasts required,Debt service / covenant capacity assessed,Corporate credit assessment required
Commonwealth Bank (CommBank),Corporate / other ADI,Secured Personal Loan,18,Accepted residency/legal status required,No deposit if unsecured; security if applicable,"$5,000-$100,000",Up to 7 years,Regular verifiable income required,Must pass affordability assessment,Acceptable credit history; adverse events may require manual review
Commonwealth Bank (CommBank),Corporate / other ADI,SMSF / Self-Managed Super Property Loan,18,Accepted residency/legal status required,10% demo minimum; >80% LVR extra review,"$50,000-$2,000,000",Up to 30 years,Regular verifiable income required,Must pass serviceability assessment,Acceptable credit history; adverse events may require manual review
Commonwealth Bank (CommBank),Corporate / other ADI,Trade Finance,Authorised corporate borrower,Corporate/legal status must be acceptable,Facility-specific collateral/leverage,"$500,000+ / negotiated",Negotiated,Audited financials and forecasts required,Debt service / covenant capacity assessed,Corporate credit assessment required
Commonwealth Bank (CommBank),Corporate / other ADI,Unsecured Personal Loan,18,Accepted residency/legal status required,No deposit if unsecured; security if applicable,"$5,000-$100,000",Up to 7 years,Regular verifiable income required,Must pass affordability assessment,Acceptable credit history; adverse events may require manual review
Commonwealth Bank (CommBank),Corporate / other ADI,Vacant Land Loan,18,Accepted residency/legal status required,10% demo minimum; >80% LVR extra review,"$50,000-$2,000,000",Up to 30 years,Regular verifiable income required,Must pass serviceability assessment,Acceptable credit history; adverse events may require manual review
Commonwealth Bank (CommBank),Corporate / other ADI,Working Capital Loan,18+ / authorised business applicant,Business/legal status must be acceptable,Contribution/security depends on facility,"$20,000-$5,000,000",Up to 15 years,Business cash flow and financials required,Business serviceability/cash-flow assessment required,Business credit assessment required
NAB,Corporate / other ADI,Agribusiness / Farm Loan,18+ / authorised business applicant,Business/legal status must be acceptable,Contribution/security depends on facility,"$20,000-$5,000,000",Up to 15 years,Business cash flow and financials required,Business serviceability/cash-flow assessment required,Business credit assessment required
NAB,Corporate / other ADI,Bridging Loan,18,Accepted residency/legal status required,10% demo minimum; >80% LVR extra review,"$50,000-$2,000,000",Up to 30 years,Regular verifiable income required,Must pass serviceability assessment,Acceptable credit history; adverse events may require manual review
NAB,Corporate / other ADI,Business Overdraft / Line of Credit,18+ / authorised business applicant,Business/legal status must be acceptable,Contribution/security depends on facility,"$20,000-$5,000,000",Up to 15 years,Business cash flow and financials required,Business serviceability/cash-flow assessment required,Business credit assessment required
NAB,Corporate / other ADI,Business Term Loan,18+ / authorised business applicant,Business/legal status must be acceptable,Contribution/security depends on facility,"$20,000-$5,000,000",Up to 15 years,Business cash flow and financials required,Business serviceability/cash-flow assessment required,Business credit assessment required
NAB,Corporate / other ADI,Car / Vehicle Loan,18,Accepted residency/legal status required,No deposit if unsecured; security if applicable,"$5,000-$100,000",Up to 7 years,Regular verifiable income required,Must pass affordability assessment,Acceptable credit history; adverse events may require manual review
NAB,Corporate / other ADI,Commercial Property Loan,18+ / authorised business applicant,Business/legal status must be acceptable,Contribution/security depends on facility,"$20,000-$5,000,000",Up to 15 years,Business cash flow and financials required,Business serviceability/cash-flow assessment required,Business credit assessment required
NAB,Corporate / other ADI,Commercial Real Estate Finance,Authorised corporate borrower,Corporate/legal status must be acceptable,Facility-specific collateral/leverage,"$500,000+ / negotiated",Negotiated,Audited financials and forecasts required,Debt service / covenant capacity assessed,Corporate credit assessment required
NAB,Corporate / other ADI,Construction Loan,18,Accepted residency/legal status required,10% demo minimum; >80% LVR extra review,"$50,000-$2,000,000",Up to 30 years,Regular verifiable income required,Must pass serviceability assessment,Acceptable credit history; adverse events may require manual review
NAB,Corporate / other ADI,Corporate Term Facility,Authorised corporate borrower,Corporate/legal status must be acceptable,Facility-specific collateral/leverage,"$500,000+ / negotiated",Negotiated,Audited financials and forecasts required,Debt service / covenant capacity assessed,Corporate credit assessment required
NAB,Corporate / other ADI,Equipment / Asset Finance,18+ / authorised business applicant,Business/legal status must be acceptable,Contribution/security depends on facility,"$20,000-$5,000,000",Up to 15 years,Business cash flow and financials required,Business serviceability/cash-flow assessment required,Business credit assessment required
NAB,Corporate / other ADI,First Home Buyer Loan,18,Accepted residency/legal status required,10% demo minimum; >80% LVR extra review,"$50,000-$2,000,000",Up to 30 years,Regular verifiable income required,Must pass serviceability assessment,Acceptable credit history; adverse events may require manual review
NAB,Corporate / other ADI,Green / Sustainability Loan,18,Accepted residency/legal status required,No deposit if unsecured; security if applicable,"$5,000-$100,000",Up to 7 years,Regular verifiable income required,Must pass affordability assessment,Acceptable credit history; adverse events may require manual review
NAB,Corporate / other ADI,Home Loan Refinance,18,Accepted residency/legal status required,10% demo minimum; >80% LVR extra review,"$50,000-$2,000,000",Up to 30 years,Regular verifiable income required,Must pass serviceability assessment,Acceptable credit history; adverse events may require manual review
NAB,Corporate / other ADI,Investment Property Loan,18,Accepted residency/legal status required,10% demo minimum; >80% LVR extra review,"$50,000-$2,000,000",Up to 30 years,Regular verifiable income required,Must pass serviceability assessment,Acceptable credit history; adverse events may require manual review
NAB,Corporate / other ADI,Owner-Occupied Home Loan,18,Accepted residency/legal status required,10% demo minimum; >80% LVR extra review,"$50,000-$2,000,000",Up to 30 years,Regular verifiable income required,Must pass serviceability assessment,Acceptable credit history; adverse events may require manual review
NAB,Corporate / other ADI,Project Finance,Authorised corporate borrower,Corporate/legal status must be acceptable,Facility-specific collateral/leverage,"$500,000+ / negotiated",Negotiated,Audited financials and forecasts required,Debt service / covenant capacity assessed,Corporate credit assessment required
NAB,Corporate / other ADI,Reverse Mortgage / Equity Release,18,Accepted residency/legal status required,10% demo minimum; >80% LVR extra review,"$50,000-$2,000,000",Up to 30 years,Regular verifiable income required,Must pass serviceability assessment,Acceptable credit history; adverse events may require manual review
NAB,Corporate / other ADI,Revolving Credit Facility,Authorised corporate borrower,Corporate/legal status must be acceptable,Facility-specific collateral/leverage,"$500,000+ / negotiated",Negotiated,Audited financials and forecasts required,Debt service / covenant capacity assessed,Corporate credit assessment required
NAB,Corporate / other ADI,Secured Personal Loan,18,Accepted residency/legal status required,No deposit if unsecured; security if applicable,"$5,000-$100,000",Up to 7 years,Regular verifiable income required,Must pass affordability assessment,Acceptable credit history; adverse events may require manual review
NAB,Corporate / other ADI,SMSF / Self-Managed Super Property Loan,18,Accepted residency/legal status required,10% demo minimum; >80% LVR extra review,"$50,000-$2,000,000",Up to 30 years,Regular verifiable income required,Must pass serviceability assessment,Acceptable credit history; adverse events may require manual review
NAB,Corporate / other ADI,Trade Finance,Authorised corporate borrower,Corporate/legal status must be acceptable,Facility-specific collateral/leverage,"$500,000+ / negotiated",Negotiated,Audited financials and forecasts required,Debt service / covenant capacity assessed,Corporate credit assessment required
NAB,Corporate / other ADI,Unsecured Personal Loan,18,Accepted residency/legal status required,No deposit if unsecured; security if applicable,"$5,000-$100,000",Up to 7 years,Regular verifiable income required,Must pass affordability assessment,Acceptable credit history; adverse events may require manual review
NAB,Corporate / other ADI,Vacant Land Loan,18,Accepted residency/legal status required,10% demo minimum; >80% LVR extra review,"$50,000-$2,000,000",Up to 30 years,Regular verifiable income required,Must pass serviceability assessment,Acceptable credit history; adverse events may require manual review
NAB,Corporate / other ADI,Working Capital Loan,18+ / authorised business applicant,Business/legal status must be acceptable,Contribution/security depends on facility,"$20,000-$5,000,000",Up to 15 years,Business cash flow and financials required,Business serviceability/cash-flow assessment required,Business credit assessment required
Westpac,Corporate / other ADI,Agribusiness / Farm Loan,18+ / authorised business applicant,Business/legal status must be acceptable,Contribution/security depends on facility,"$20,000-$5,000,000",Up to 15 years,Business cash flow and financials required,Business serviceability/cash-flow assessment required,Business credit assessment required
Westpac,Corporate / other ADI,Bridging Loan,18,Accepted residency/legal status required,10% demo minimum; >80% LVR extra review,"$50,000-$2,000,000",Up to 30 years,Regular verifiable income required,Must pass serviceability assessment,Acceptable credit history; adverse events may require manual review
Westpac,Corporate / other ADI,Business Overdraft / Line of Credit,18+ / authorised business applicant,Business/legal status must be acceptable,Contribution/security depends on facility,"$20,000-$5,000,000",Up to 15 years,Business cash flow and financials required,Business serviceability/cash-flow assessment required,Business credit assessment required
Westpac,Corporate / other ADI,Business Term Loan,18+ / authorised business applicant,Business/legal status must be acceptable,Contribution/security depends on facility,"$20,000-$5,000,000",Up to 15 years,Business cash flow and financials required,Business serviceability/cash-flow assessment required,Business credit assessment required
Westpac,Corporate / other ADI,Car / Vehicle Loan,18,Accepted residency/legal status required,No deposit if unsecured; security if applicable,"$5,000-$100,000",Up to 7 years,Regular verifiable income required,Must pass affordability assessment,Acceptable credit history; adverse events may require manual review
Westpac,Corporate / other ADI,Commercial Property Loan,18+ / authorised business applicant,Business/legal status must be acceptable,Contribution/security depends on facility,"$20,000-$5,000,000",Up to 15 years,Business cash flow and financials required,Business serviceability/cash-flow assessment required,Business credit assessment required
Westpac,Corporate / other ADI,Commercial Real Estate Finance,Authorised corporate borrower,Corporate/legal status must be acceptable,Facility-specific collateral/leverage,"$500,000+ / negotiated",Negotiated,Audited financials and forecasts required,Debt service / covenant capacity assessed,Corporate credit assessment required
Westpac,Corporate / other ADI,Construction Loan,18,Accepted residency/legal status required,10% demo minimum; >80% LVR extra review,"$50,000-$2,000,000",Up to 30 years,Regular verifiable income required,Must pass serviceability assessment,Acceptable credit history; adverse events may require manual review
Westpac,Corporate / other ADI,Corporate Term Facility,Authorised corporate borrower,Corporate/legal status must be acceptable,Facility-specific collateral/leverage,"$500,000+ / negotiated",Negotiated,Audited financials and forecasts required,Debt service / covenant capacity assessed,Corporate credit assessment required
Westpac,Corporate / other ADI,Equipment / Asset Finance,18+ / authorised business applicant,Business/legal status must be acceptable,Contribution/security depends on facility,"$20,000-$5,000,000",Up to 15 years,Business cash flow and financials required,Business serviceability/cash-flow assessment required,Business credit assessment required
Westpac,Corporate / other ADI,First Home Buyer Loan,18,Accepted residency/legal status required,10% demo minimum; >80% LVR extra review,"$50,000-$2,000,000",Up to 30 years,Regular verifiable income required,Must pass serviceability assessment,Acceptable credit history; adverse events may require manual review
Westpac,Corporate / other ADI,Green / Sustainability Loan,18,Accepted residency/legal status required,No deposit if unsecured; security if applicable,"$5,000-$100,000",Up to 7 years,Regular verifiable income required,Must pass affordability assessment,Acceptable credit history; adverse events may require manual review
Westpac,Corporate / other ADI,Home Loan Refinance,18,Accepted residency/legal status required,10% demo minimum; >80% LVR extra review,"$50,000-$2,000,000",Up to 30 years,Regular verifiable income required,Must pass serviceability assessment,Acceptable credit history; adverse events may require manual review
Westpac,Corporate / other ADI,Investment Property Loan,18,Accepted residency/legal status required,10% demo minimum; >80% LVR extra review,"$50,000-$2,000,000",Up to 30 years,Regular verifiable income required,Must pass serviceability assessment,Acceptable credit history; adverse events may require manual review
Westpac,Corporate / other ADI,Owner-Occupied Home Loan,18,Accepted residency/legal status required,10% demo minimum; >80% LVR extra review,"$50,000-$2,000,000",Up to 30 years,Regular verifiable income required,Must pass serviceability assessment,Acceptable credit history; adverse events may require manual review
Westpac,Corporate / other ADI,Project Finance,Authorised corporate borrower,Corporate/legal status must be acceptable,Facility-specific collateral/leverage,"$500,000+ / negotiated",Negotiated,Audited financials and forecasts required,Debt service / covenant capacity assessed,Corporate credit assessment required
Westpac,Corporate / other ADI,Reverse Mortgage / Equity Release,18,Accepted residency/legal status required,10% demo minimum; >80% LVR extra review,"$50,000-$2,000,000",Up to 30 years,Regular verifiable income required,Must pass serviceability assessment,Acceptable credit history; adverse events may require manual review
Westpac,Corporate / other ADI,Revolving Credit Facility,Authorised corporate borrower,Corporate/legal status must be acceptable,Facility-specific collateral/leverage,"$500,000+ / negotiated",Negotiated,Audited financials and forecasts required,Debt service / covenant capacity assessed,Corporate credit assessment required
Westpac,Corporate / other ADI,Secured Personal Loan,18,Accepted residency/legal status required,No deposit if unsecured; security if applicable,"$5,000-$100,000",Up to 7 years,Regular verifiable income required,Must pass affordability assessment,Acceptable credit history; adverse events may require manual review
Westpac,Corporate / other ADI,SMSF / Self-Managed Super Property Loan,18,Accepted residency/legal status required,10% demo minimum; >80% LVR extra review,"$50,000-$2,000,000",Up to 30 years,Regular verifiable income required,Must pass serviceability assessment,Acceptable credit history; adverse events may require manual review
Westpac,Corporate / other ADI,Trade Finance,Authorised corporate borrower,Corporate/legal status must be acceptable,Facility-specific collateral/leverage,"$500,000+ / negotiated",Negotiated,Audited financials and forecasts required,Debt service / covenant capacity assessed,Corporate credit assessment required
Westpac,Corporate / other ADI,Unsecured Personal Loan,18,Accepted residency/legal status required,No deposit if unsecured; security if applicable,"$5,000-$100,000",Up to 7 years,Regular verifiable income required,Must pass affordability assessment,Acceptable credit history; adverse events may require manual review
Westpac,Corporate / other ADI,Vacant Land Loan,18,Accepted residency/legal status required,10% demo minimum; >80% LVR extra review,"$50,000-$2,000,000",Up to 30 years,Regular verifiable income required,Must pass serviceability assessment,Acceptable credit history; adverse events may require manual review
Westpac,Corporate / other ADI,Working Capital Loan,18+ / authorised business applicant,Business/legal status must be acceptable,Contribution/security depends on facility,"$20,000-$5,000,000",Up to 15 years,Business cash flow and financials required,Business serviceability/cash-flow assessment required,Business credit assessment required
Macquarie Bank,Corporate / other ADI,Agribusiness / Farm Loan,18+ / authorised business applicant,Business/legal status must be acceptable,Contribution/security depends on facility,"$20,000-$5,000,000",Up to 15 years,Business cash flow and financials required,Business serviceability/cash-flow assessment required,Business credit assessment required
Macquarie Bank,Corporate / other ADI,Bridging Loan,18,Accepted residency/legal status required,10% demo minimum; >80% LVR extra review,"$50,000-$2,000,000",Up to 30 years,Regular verifiable income required,Must pass serviceability assessment,Acceptable credit history; adverse events may require manual review
Macquarie Bank,Corporate / other ADI,Business Overdraft / Line of Credit,18+ / authorised business applicant,Business/legal status must be acceptable,Contribution/security depends on facility,"$20,000-$5,000,000",Up to 15 years,Business cash flow and financials required,Business serviceability/cash-flow assessment required,Business credit assessment required
Macquarie Bank,Corporate / other ADI,Business Term Loan,18+ / authorised business applicant,Business/legal status must be acceptable,Contribution/security depends on facility,"$20,000-$5,000,000",Up to 15 years,Business cash flow and financials required,Business serviceability/cash-flow assessment required,Business credit assessment required
Macquarie Bank,Corporate / other ADI,Car / Vehicle Loan,18,Accepted residency/legal status required,No deposit if unsecured; security if applicable,"$5,000-$100,000",Up to 7 years,Regular verifiable income required,Must pass affordability assessment,Acceptable credit history; adverse events may require manual review
Macquarie Bank,Corporate / other ADI,Commercial Property Loan,18+ / authorised business applicant,Business/legal status must be acceptable,Contribution/security depends on facility,"$20,000-$5,000,000",Up to 15 years,Business cash flow and financials required,Business serviceability/cash-flow assessment required,Business credit assessment required
Macquarie Bank,Corporate / other ADI,Commercial Real Estate Finance,Authorised corporate borrower,Corporate/legal status must be acceptable,Facility-specific collateral/leverage,"$500,000+ / negotiated",Negotiated,Audited financials and forecasts required,Debt service / covenant capacity assessed,Corporate credit assessment required
Macquarie Bank,Corporate / other ADI,Construction Loan,18,Accepted residency/legal status required,10% demo minimum; >80% LVR extra review,"$50,000-$2,000,000",Up to 30 years,Regular verifiable income required,Must pass serviceability assessment,Acceptable credit history; adverse events may require manual review
Macquarie Bank,Corporate / other ADI,Corporate Term Facility,Authorised corporate borrower,Corporate/legal status must be acceptable,Facility-specific collateral/leverage,"$500,000+ / negotiated",Negotiated,Audited financials and forecasts required,Debt service / covenant capacity assessed,Corporate credit assessment required
Macquarie Bank,Corporate / other ADI,Equipment / Asset Finance,18+ / authorised business applicant,Business/legal status must be acceptable,Contribution/security depends on facility,"$20,000-$5,000,000",Up to 15 years,Business cash flow and financials required,Business serviceability/cash-flow assessment required,Business credit assessment required
Macquarie Bank,Corporate / other ADI,First Home Buyer Loan,18,Accepted residency/legal status required,10% demo minimum; >80% LVR extra review,"$50,000-$2,000,000",Up to 30 years,Regular verifiable income required,Must pass serviceability assessment,Acceptable credit history; adverse events may require manual review
Macquarie Bank,Corporate / other ADI,Green / Sustainability Loan,18,Accepted residency/legal status required,No deposit if unsecured; security if applicable,"$5,000-$100,000",Up to 7 years,Regular verifiable income required,Must pass affordability assessment,Acceptable credit history; adverse events may require manual review
Macquarie Bank,Corporate / other ADI,Home Loan Refinance,18,Accepted residency/legal status required,10% demo minimum; >80% LVR extra review,"$50,000-$2,000,000",Up to 30 years,Regular verifiable income required,Must pass serviceability assessment,Acceptable credit history; adverse events may require manual review
Macquarie Bank,Corporate / other ADI,Investment Property Loan,18,Accepted residency/legal status required,10% demo minimum; >80% LVR extra review,"$50,000-$2,000,000",Up to 30 years,Regular verifiable income required,Must pass serviceability assessment,Acceptable credit history; adverse events may require manual review
Macquarie Bank,Corporate / other ADI,Owner-Occupied Home Loan,18,Accepted residency/legal status required,10% demo minimum; >80% LVR extra review,"$50,000-$2,000,000",Up to 30 years,Regular verifiable income required,Must pass serviceability assessment,Acceptable credit history; adverse events may require manual review
Macquarie Bank,Corporate / other ADI,Project Finance,Authorised corporate borrower,Corporate/legal status must be acceptable,Facility-specific collateral/leverage,"$500,000+ / negotiated",Negotiated,Audited financials and forecasts required,Debt service / covenant capacity assessed,Corporate credit assessment required
Macquarie Bank,Corporate / other ADI,Reverse Mortgage / Equity Release,18,Accepted residency/legal status required,10% demo minimum; >80% LVR extra review,"$50,000-$2,000,000",Up to 30 years,Regular verifiable income required,Must pass serviceability assessment,Acceptable credit history; adverse events may require manual review
Macquarie Bank,Corporate / other ADI,Revolving Credit Facility,Authorised corporate borrower,Corporate/legal status must be acceptable,Facility-specific collateral/leverage,"$500,000+ / negotiated",Negotiated,Audited financials and forecasts required,Debt service / covenant capacity assessed,Corporate credit assessment required
Macquarie Bank,Corporate / other ADI,Secured Personal Loan,18,Accepted residency/legal status required,No deposit if unsecured; security if applicable,"$5,000-$100,000",Up to 7 years,Regular verifiable income required,Must pass affordability assessment,Acceptable credit history; adverse events may require manual review
Macquarie Bank,Corporate / other ADI,SMSF / Self-Managed Super Property Loan,18,Accepted residency/legal status required,10% demo minimum; >80% LVR extra review,"$50,000-$2,000,000",Up to 30 years,Regular verifiable income required,Must pass serviceability assessment,Acceptable credit history; adverse events may require manual review
Macquarie Bank,Corporate / other ADI,Trade Finance,Authorised corporate borrower,Corporate/legal status must be acceptable,Facility-specific collateral/leverage,"$500,000+ / negotiated",Negotiated,Audited financials and forecasts required,Debt service / covenant capacity assessed,Corporate credit assessment required
Macquarie Bank,Corporate / other ADI,Unsecured Personal Loan,18,Accepted residency/legal status required,No deposit if unsecured; security if applicable,"$5,000-$100,000",Up to 7 years,Regular verifiable income required,Must pass affordability assessment,Acceptable credit history; adverse events may require manual review
Macquarie Bank,Corporate / other ADI,Vacant Land Loan,18,Accepted residency/legal status required,10% demo minimum; >80% LVR extra review,"$50,000-$2,000,000",Up to 30 years,Regular verifiable income required,Must pass serviceability assessment,Acceptable credit history; adverse events may require manual review
Macquarie Bank,Corporate / other ADI,Working Capital Loan,18+ / authorised business applicant,Business/legal status must be acceptable,Contribution/security depends on facility,"$20,000-$5,000,000",Up to 15 years,Business cash flow and financials required,Business serviceability/cash-flow assessment required,Business credit assessment required
Bank of Queensland (BOQ),Corporate / other ADI,Agribusiness / Farm Loan,18+ / authorised business applicant,Business/legal status must be acceptable,Contribution/security depends on facility,"$20,000-$5,000,000",Up to 15 years,Business cash flow and financials required,Business serviceability/cash-flow assessment required,Business credit assessment required
Bank of Queensland (BOQ),Corporate / other ADI,Bridging Loan,18,Accepted residency/legal status required,10% demo minimum; >80% LVR extra review,"$50,000-$2,000,000",Up to 30 years,Regular verifiable income required,Must pass serviceability assessment,Acceptable credit history; adverse events may require manual review
Bank of Queensland (BOQ),Corporate / other ADI,Business Overdraft / Line of Credit,18+ / authorised business applicant,Business/legal status must be acceptable,Contribution/security depends on facility,"$20,000-$5,000,000",Up to 15 years,Business cash flow and financials required,Business serviceability/cash-flow assessment required,Business credit assessment required
Bank of Queensland (BOQ),Corporate / other ADI,Business Term Loan,18+ / authorised business applicant,Business/legal status must be acceptable,Contribution/security depends on facility,"$20,000-$5,000,000",Up to 15 years,Business cash flow and financials required,Business serviceability/cash-flow assessment required,Business credit assessment required
Bank of Queensland (BOQ),Corporate / other ADI,Car / Vehicle Loan,18,Accepted residency/legal status required,No deposit if unsecured; security if applicable,"$5,000-$100,000",Up to 7 years,Regular verifiable income required,Must pass affordability assessment,Acceptable credit history; adverse events may require manual review
Bank of Queensland (BOQ),Corporate / other ADI,Commercial Property Loan,18+ / authorised business applicant,Business/legal status must be acceptable,Contribution/security depends on facility,"$20,000-$5,000,000",Up to 15 years,Business cash flow and financials required,Business serviceability/cash-flow assessment required,Business credit assessment required
Bank of Queensland (BOQ),Corporate / other ADI,Commercial Real Estate Finance,Authorised corporate borrower,Corporate/legal status must be acceptable,Facility-specific collateral/leverage,"$500,000+ / negotiated",Negotiated,Audited financials and forecasts required,Debt service / covenant capacity assessed,Corporate credit assessment required
Bank of Queensland (BOQ),Corporate / other ADI,Construction Loan,18,Accepted residency/legal status required,10% demo minimum; >80% LVR extra review,"$50,000-$2,000,000",Up to 30 years,Regular verifiable income required,Must pass serviceability assessment,Acceptable credit history; adverse events may require manual review
Bank of Queensland (BOQ),Corporate / other ADI,Corporate Term Facility,Authorised corporate borrower,Corporate/legal status must be acceptable,Facility-specific collateral/leverage,"$500,000+ / negotiated",Negotiated,Audited financials and forecasts required,Debt service / covenant capacity assessed,Corporate credit assessment required
Bank of Queensland (BOQ),Corporate / other ADI,Equipment / Asset Finance,18+ / authorised business applicant,Business/legal status must be acceptable,Contribution/security depends on facility,"$20,000-$5,000,000",Up to 15 years,Business cash flow and financials required,Business serviceability/cash-flow assessment required,Business credit assessment required
Bank of Queensland (BOQ),Corporate / other ADI,First Home Buyer Loan,18,Accepted residency/legal status required,10% demo minimum; >80% LVR extra review,"$50,000-$2,000,000",Up to 30 years,Regular verifiable income required,Must pass serviceability assessment,Acceptable credit history; adverse events may require manual review
Bank of Queensland (BOQ),Corporate / other ADI,Green / Sustainability Loan,18,Accepted residency/legal status required,No deposit if unsecured; security if applicable,"$5,000-$100,000",Up to 7 years,Regular verifiable income required,Must pass affordability assessment,Acceptable credit history; adverse events may require manual review
Bank of Queensland (BOQ),Corporate / other ADI,Home Loan Refinance,18,Accepted residency/legal status required,10% demo minimum; >80% LVR extra review,"$50,000-$2,000,000",Up to 30 years,Regular verifiable income required,Must pass serviceability assessment,Acceptable credit history; adverse events may require manual review
Bank of Queensland (BOQ),Corporate / other ADI,Investment Property Loan,18,Accepted residency/legal status required,10% demo minimum; >80% LVR extra review,"$50,000-$2,000,000",Up to 30 years,Regular verifiable income required,Must pass serviceability assessment,Acceptable credit history; adverse events may require manual review
Bank of Queensland (BOQ),Corporate / other ADI,Owner-Occupied Home Loan,18,Accepted residency/legal status required,10% demo minimum; >80% LVR extra review,"$50,000-$2,000,000",Up to 30 years,Regular verifiable income required,Must pass serviceability assessment,Acceptable credit history; adverse events may require manual review
Bank of Queensland (BOQ),Corporate / other ADI,Project Finance,Authorised corporate borrower,Corporate/legal status must be acceptable,Facility-specific collateral/leverage,"$500,000+ / negotiated",Negotiated,Audited financials and forecasts required,Debt service / covenant capacity assessed,Corporate credit assessment required
Bank of Queensland (BOQ),Corporate / other ADI,Reverse Mortgage / Equity Release,18,Accepted residency/legal status required,10% demo minimum; >80% LVR extra review,"$50,000-$2,000,000",Up to 30 years,Regular verifiable income required,Must pass serviceability assessment,Acceptable credit history; adverse events may require manual review
Bank of Queensland (BOQ),Corporate / other ADI,Revolving Credit Facility,Authorised corporate borrower,Corporate/legal status must be acceptable,Facility-specific collateral/leverage,"$500,000+ / negotiated",Negotiated,Audited financials and forecasts required,Debt service / covenant capacity assessed,Corporate credit assessment required
Bank of Queensland (BOQ),Corporate / other ADI,Secured Personal Loan,18,Accepted residency/legal status required,No deposit if unsecured; security if applicable,"$5,000-$100,000",Up to 7 years,Regular verifiable income required,Must pass affordability assessment,Acceptable credit history; adverse events may require manual review
Bank of Queensland (BOQ),Corporate / other ADI,SMSF / Self-Managed Super Property Loan,18,Accepted residency/legal status required,10% demo minimum; >80% LVR extra review,"$50,000-$2,000,000",Up to 30 years,Regular verifiable income required,Must pass serviceability assessment,Acceptable credit history; adverse events may require manual review
Bank of Queensland (BOQ),Corporate / other ADI,Trade Finance,Authorised corporate borrower,Corporate/legal status must be acceptable,Facility-specific collateral/leverage,"$500,000+ / negotiated",Negotiated,Audited financials and forecasts required,Debt service / covenant capacity assessed,Corporate credit assessment required
Bank of Queensland (BOQ),Corporate / other ADI,Unsecured Personal Loan,18,Accepted residency/legal status required,No deposit if unsecured; security if applicable,"$5,000-$100,000",Up to 7 years,Regular verifiable income required,Must pass affordability assessment,Acceptable credit history; adverse events may require manual review
Bank of Queensland (BOQ),Corporate / other ADI,Vacant Land Loan,18,Accepted residency/legal status required,10% demo minimum; >80% LVR extra review,"$50,000-$2,000,000",Up to 30 years,Regular verifiable income required,Must pass serviceability assessment,Acceptable credit history; adverse events may require manual review
Bank of Queensland (BOQ),Corporate / other ADI,Working Capital Loan,18+ / authorised business applicant,Business/legal status must be acceptable,Contribution/security depends on facility,"$20,000-$5,000,000",Up to 15 years,Business cash flow and financials required,Business serviceability/cash-flow assessment required,Business credit assessment required
Bendigo Bank,Corporate / other ADI,Agribusiness / Farm Loan,18+ / authorised business applicant,Business/legal status must be acceptable,Contribution/security depends on facility,"$20,000-$5,000,000",Up to 15 years,Business cash flow and financials required,Business serviceability/cash-flow assessment required,Business credit assessment required
Bendigo Bank,Corporate / other ADI,Bridging Loan,18,Accepted residency/legal status required,10% demo minimum; >80% LVR extra review,"$50,000-$2,000,000",Up to 30 years,Regular verifiable income required,Must pass serviceability assessment,Acceptable credit history; adverse events may require manual review
Bendigo Bank,Corporate / other ADI,Business Overdraft / Line of Credit,18+ / authorised business applicant,Business/legal status must be acceptable,Contribution/security depends on facility,"$20,000-$5,000,000",Up to 15 years,Business cash flow and financials required,Business serviceability/cash-flow assessment required,Business credit assessment required
Bendigo Bank,Corporate / other ADI,Business Term Loan,18+ / authorised business applicant,Business/legal status must be acceptable,Contribution/security depends on facility,"$20,000-$5,000,000",Up to 15 years,Business cash flow and financials required,Business serviceability/cash-flow assessment required,Business credit assessment required
Bendigo Bank,Corporate / other ADI,Car / Vehicle Loan,18,Accepted residency/legal status required,No deposit if unsecured; security if applicable,"$5,000-$100,000",Up to 7 years,Regular verifiable income required,Must pass affordability assessment,Acceptable credit history; adverse events may require manual review
Bendigo Bank,Corporate / other ADI,Commercial Property Loan,18+ / authorised business applicant,Business/legal status must be acceptable,Contribution/security depends on facility,"$20,000-$5,000,000",Up to 15 years,Business cash flow and financials required,Business serviceability/cash-flow assessment required,Business credit assessment required
Bendigo Bank,Corporate / other ADI,Commercial Real Estate Finance,Authorised corporate borrower,Corporate/legal status must be acceptable,Facility-specific collateral/leverage,"$500,000+ / negotiated",Negotiated,Audited financials and forecasts required,Debt service / covenant capacity assessed,Corporate credit assessment required
Bendigo Bank,Corporate / other ADI,Construction Loan,18,Accepted residency/legal status required,10% demo minimum; >80% LVR extra review,"$50,000-$2,000,000",Up to 30 years,Regular verifiable income required,Must pass serviceability assessment,Acceptable credit history; adverse events may require manual review
Bendigo Bank,Corporate / other ADI,Corporate Term Facility,Authorised corporate borrower,Corporate/legal status must be acceptable,Facility-specific collateral/leverage,"$500,000+ / negotiated",Negotiated,Audited financials and forecasts required,Debt service / covenant capacity assessed,Corporate credit assessment required
Bendigo Bank,Corporate / other ADI,Equipment / Asset Finance,18+ / authorised business applicant,Business/legal status must be acceptable,Contribution/security depends on facility,"$20,000-$5,000,000",Up to 15 years,Business cash flow and financials required,Business serviceability/cash-flow assessment required,Business credit assessment required
Bendigo Bank,Corporate / other ADI,First Home Buyer Loan,18,Accepted residency/legal status required,10% demo minimum; >80% LVR extra review,"$50,000-$2,000,000",Up to 30 years,Regular verifiable income required,Must pass serviceability assessment,Acceptable credit history; adverse events may require manual review
Bendigo Bank,Corporate / other ADI,Green / Sustainability Loan,18,Accepted residency/legal status required,No deposit if unsecured; security if applicable,"$5,000-$100,000",Up to 7 years,Regular verifiable income required,Must pass affordability assessment,Acceptable credit history; adverse events may require manual review
Bendigo Bank,Corporate / other ADI,Home Loan Refinance,18,Accepted residency/legal status required,10% demo minimum; >80% LVR extra review,"$50,000-$2,000,000",Up to 30 years,Regular verifiable income required,Must pass serviceability assessment,Acceptable credit history; adverse events may require manual review
Bendigo Bank,Corporate / other ADI,Investment Property Loan,18,Accepted residency/legal status required,10% demo minimum; >80% LVR extra review,"$50,000-$2,000,000",Up to 30 years,Regular verifiable income required,Must pass serviceability assessment,Acceptable credit history; adverse events may require manual review
Bendigo Bank,Corporate / other ADI,Owner-Occupied Home Loan,18,Accepted residency/legal status required,10% demo minimum; >80% LVR extra review,"$50,000-$2,000,000",Up to 30 years,Regular verifiable income required,Must pass serviceability assessment,Acceptable credit history; adverse events may require manual review
Bendigo Bank,Corporate / other ADI,Project Finance,Authorised corporate borrower,Corporate/legal status must be acceptable,Facility-specific collateral/leverage,"$500,000+ / negotiated",Negotiated,Audited financials and forecasts required,Debt service / covenant capacity assessed,Corporate credit assessment required
Bendigo Bank,Corporate / other ADI,Reverse Mortgage / Equity Release,18,Accepted residency/legal status required,10% demo minimum; >80% LVR extra review,"$50,000-$2,000,000",Up to 30 years,Regular verifiable income required,Must pass serviceability assessment,Acceptable credit history; adverse events may require manual review
Bendigo Bank,Corporate / other ADI,Revolving Credit Facility,Authorised corporate borrower,Corporate/legal status must be acceptable,Facility-specific collateral/leverage,"$500,000+ / negotiated",Negotiated,Audited financials and forecasts required,Debt service / covenant capacity assessed,Corporate credit assessment required
Bendigo Bank,Corporate / other ADI,Secured Personal Loan,18,Accepted residency/legal status required,No deposit if unsecured; security if applicable,"$5,000-$100,000",Up to 7 years,Regular verifiable income required,Must pass affordability assessment,Acceptable credit history; adverse events may require manual review
Bendigo Bank,Corporate / other ADI,SMSF / Self-Managed Super Property Loan,18,Accepted residency/legal status required,10% demo minimum; >80% LVR extra review,"$50,000-$2,000,000",Up to 30 years,Regular verifiable income required,Must pass serviceability assessment,Acceptable credit history; adverse events may require manual review
Bendigo Bank,Corporate / other ADI,Trade Finance,Authorised corporate borrower,Corporate/legal status must be acceptable,Facility-specific collateral/leverage,"$500,000+ / negotiated",Negotiated,Audited financials and forecasts required,Debt service / covenant capacity assessed,Corporate credit assessment required
Bendigo Bank,Corporate / other ADI,Unsecured Personal Loan,18,Accepted residency/legal status required,No deposit if unsecured; security if applicable,"$5,000-$100,000",Up to 7 years,Regular verifiable income required,Must pass affordability assessment,Acceptable credit history; adverse events may require manual review
Bendigo Bank,Corporate / other ADI,Vacant Land Loan,18,Accepted residency/legal status required,10% demo minimum; >80% LVR extra review,"$50,000-$2,000,000",Up to 30 years,Regular verifiable income required,Must pass serviceability assessment,Acceptable credit history; adverse events may require manual review
Bendigo Bank,Corporate / other ADI,Working Capital Loan,18+ / authorised business applicant,Business/legal status must be acceptable,Contribution/security depends on facility,"$20,000-$5,000,000",Up to 15 years,Business cash flow and financials required,Business serviceability/cash-flow assessment required,Business credit assessment required
Suncorp Bank,Corporate / other ADI,Agribusiness / Farm Loan,18+ / authorised business applicant,Business/legal status must be acceptable,Contribution/security depends on facility,"$20,000-$5,000,000",Up to 15 years,Business cash flow and financials required,Business serviceability/cash-flow assessment required,Business credit assessment required
Suncorp Bank,Corporate / other ADI,Bridging Loan,18,Accepted residency/legal status required,10% demo minimum; >80% LVR extra review,"$50,000-$2,000,000",Up to 30 years,Regular verifiable income required,Must pass serviceability assessment,Acceptable credit history; adverse events may require manual review
Suncorp Bank,Corporate / other ADI,Business Overdraft / Line of Credit,18+ / authorised business applicant,Business/legal status must be acceptable,Contribution/security depends on facility,"$20,000-$5,000,000",Up to 15 years,Business cash flow and financials required,Business serviceability/cash-flow assessment required,Business credit assessment required
Suncorp Bank,Corporate / other ADI,Business Term Loan,18+ / authorised business applicant,Business/legal status must be acceptable,Contribution/security depends on facility,"$20,000-$5,000,000",Up to 15 years,Business cash flow and financials required,Business serviceability/cash-flow assessment required,Business credit assessment required
Suncorp Bank,Corporate / other ADI,Car / Vehicle Loan,18,Accepted residency/legal status required,No deposit if unsecured; security if applicable,"$5,000-$100,000",Up to 7 years,Regular verifiable income required,Must pass affordability assessment,Acceptable credit history; adverse events may require manual review
Suncorp Bank,Corporate / other ADI,Commercial Property Loan,18+ / authorised business applicant,Business/legal status must be acceptable,Contribution/security depends on facility,"$20,000-$5,000,000",Up to 15 years,Business cash flow and financials required,Business serviceability/cash-flow assessment required,Business credit assessment required
Suncorp Bank,Corporate / other ADI,Commercial Real Estate Finance,Authorised corporate borrower,Corporate/legal status must be acceptable,Facility-specific collateral/leverage,"$500,000+ / negotiated",Negotiated,Audited financials and forecasts required,Debt service / covenant capacity assessed,Corporate credit assessment required
Suncorp Bank,Corporate / other ADI,Construction Loan,18,Accepted residency/legal status required,10% demo minimum; >80% LVR extra review,"$50,000-$2,000,000",Up to 30 years,Regular verifiable income required,Must pass serviceability assessment,Acceptable credit history; adverse events may require manual review
Suncorp Bank,Corporate / other ADI,Corporate Term Facility,Authorised corporate borrower,Corporate/legal status must be acceptable,Facility-specific collateral/leverage,"$500,000+ / negotiated",Negotiated,Audited financials and forecasts required,Debt service / covenant capacity assessed,Corporate credit assessment required
Suncorp Bank,Corporate / other ADI,Equipment / Asset Finance,18+ / authorised business applicant,Business/legal status must be acceptable,Contribution/security depends on facility,"$20,000-$5,000,000",Up to 15 years,Business cash flow and financials required,Business serviceability/cash-flow assessment required,Business credit assessment required
Suncorp Bank,Corporate / other ADI,First Home Buyer Loan,18,Accepted residency/legal status required,10% demo minimum; >80% LVR extra review,"$50,000-$2,000,000",Up to 30 years,Regular verifiable income required,Must pass serviceability assessment,Acceptable credit history; adverse events may require manual review
Suncorp Bank,Corporate / other ADI,Green / Sustainability Loan,18,Accepted residency/legal status required,No deposit if unsecured; security if applicable,"$5,000-$100,000",Up to 7 years,Regular verifiable income required,Must pass affordability assessment,Acceptable credit history; adverse events may require manual review
Suncorp Bank,Corporate / other ADI,Home Loan Refinance,18,Accepted residency/legal status required,10% demo minimum; >80% LVR extra review,"$50,000-$2,000,000",Up to 30 years,Regular verifiable income required,Must pass serviceability assessment,Acceptable credit history; adverse events may require manual review
Suncorp Bank,Corporate / other ADI,Investment Property Loan,18,Accepted residency/legal status required,10% demo minimum; >80% LVR extra review,"$50,000-$2,000,000",Up to 30 years,Regular verifiable income required,Must pass serviceability assessment,Acceptable credit history; adverse events may require manual review
Suncorp Bank,Corporate / other ADI,Owner-Occupied Home Loan,18,Accepted residency/legal status required,10% demo minimum; >80% LVR extra review,"$50,000-$2,000,000",Up to 30 years,Regular verifiable income required,Must pass serviceability assessment,Acceptable credit history; adverse events may require manual review
Suncorp Bank,Corporate / other ADI,Project Finance,Authorised corporate borrower,Corporate/legal status must be acceptable,Facility-specific collateral/leverage,"$500,000+ / negotiated",Negotiated,Audited financials and forecasts required,Debt service / covenant capacity assessed,Corporate credit assessment required
Suncorp Bank,Corporate / other ADI,Reverse Mortgage / Equity Release,18,Accepted residency/legal status required,10% demo minimum; >80% LVR extra review,"$50,000-$2,000,000",Up to 30 years,Regular verifiable income required,Must pass serviceability assessment,Acceptable credit history; adverse events may require manual review
Suncorp Bank,Corporate / other ADI,Revolving Credit Facility,Authorised corporate borrower,Corporate/legal status must be acceptable,Facility-specific collateral/leverage,"$500,000+ / negotiated",Negotiated,Audited financials and forecasts required,Debt service / covenant capacity assessed,Corporate credit assessment required
Suncorp Bank,Corporate / other ADI,Secured Personal Loan,18,Accepted residency/legal status required,No deposit if unsecured; security if applicable,"$5,000-$100,000",Up to 7 years,Regular verifiable income required,Must pass affordability assessment,Acceptable credit history; adverse events may require manual review
Suncorp Bank,Corporate / other ADI,SMSF / Self-Managed Super Property Loan,18,Accepted residency/legal status required,10% demo minimum; >80% LVR extra review,"$50,000-$2,000,000",Up to 30 years,Regular verifiable income required,Must pass serviceability assessment,Acceptable credit history; adverse events may require manual review
Suncorp Bank,Corporate / other ADI,Trade Finance,Authorised corporate borrower,Corporate/legal status must be acceptable,Facility-specific collateral/leverage,"$500,000+ / negotiated",Negotiated,Audited financials and forecasts required,Debt service / covenant capacity assessed,Corporate credit assessment required
Suncorp Bank,Corporate / other ADI,Unsecured Personal Loan,18,Accepted residency/legal status required,No deposit if unsecured; security if applicable,"$5,000-$100,000",Up to 7 years,Regular verifiable income required,Must pass affordability assessment,Acceptable credit history; adverse events may require manual review
Suncorp Bank,Corporate / other ADI,Vacant Land Loan,18,Accepted residency/legal status required,10% demo minimum; >80% LVR extra review,"$50,000-$2,000,000",Up to 30 years,Regular verifiable income required,Must pass serviceability assessment,Acceptable credit history; adverse events may require manual review
Suncorp Bank,Corporate / other ADI,Working Capital Loan,18+ / authorised business applicant,Business/legal status must be acceptable,Contribution/security depends on facility,"$20,000-$5,000,000",Up to 15 years,Business cash flow and financials required,Business serviceability/cash-flow assessment required,Business credit assessment required
ING Australia,Corporate / foreign subsidiary,Agribusiness / Farm Loan,18+ / authorised business applicant,Business/legal status must be acceptable,Contribution/security depends on facility,"$20,000-$5,000,000",Up to 15 years,Business cash flow and financials required,Business serviceability/cash-flow assessment required,Business credit assessment required
ING Australia,Corporate / foreign subsidiary,Bridging Loan,18,Accepted residency/legal status required,10% demo minimum; >80% LVR extra review,"$50,000-$2,000,000",Up to 30 years,Regular verifiable income required,Must pass serviceability assessment,Acceptable credit history; adverse events may require manual review
ING Australia,Corporate / foreign subsidiary,Business Overdraft / Line of Credit,18+ / authorised business applicant,Business/legal status must be acceptable,Contribution/security depends on facility,"$20,000-$5,000,000",Up to 15 years,Business cash flow and financials required,Business serviceability/cash-flow assessment required,Business credit assessment required
ING Australia,Corporate / foreign subsidiary,Business Term Loan,18+ / authorised business applicant,Business/legal status must be acceptable,Contribution/security depends on facility,"$20,000-$5,000,000",Up to 15 years,Business cash flow and financials required,Business serviceability/cash-flow assessment required,Business credit assessment required
ING Australia,Corporate / foreign subsidiary,Car / Vehicle Loan,18,Accepted residency/legal status required,No deposit if unsecured; security if applicable,"$5,000-$100,000",Up to 7 years,Regular verifiable income required,Must pass affordability assessment,Acceptable credit history; adverse events may require manual review
ING Australia,Corporate / foreign subsidiary,Commercial Property Loan,18+ / authorised business applicant,Business/legal status must be acceptable,Contribution/security depends on facility,"$20,000-$5,000,000",Up to 15 years,Business cash flow and financials required,Business serviceability/cash-flow assessment required,Business credit assessment required
ING Australia,Corporate / foreign subsidiary,Commercial Real Estate Finance,Authorised corporate borrower,Corporate/legal status must be acceptable,Facility-specific collateral/leverage,"$500,000+ / negotiated",Negotiated,Audited financials and forecasts required,Debt service / covenant capacity assessed,Corporate credit assessment required
ING Australia,Corporate / foreign subsidiary,Construction Loan,18,Accepted residency/legal status required,10% demo minimum; >80% LVR extra review,"$50,000-$2,000,000",Up to 30 years,Regular verifiable income required,Must pass serviceability assessment,Acceptable credit history; adverse events may require manual review
ING Australia,Corporate / foreign subsidiary,Corporate Term Facility,Authorised corporate borrower,Corporate/legal status must be acceptable,Facility-specific collateral/leverage,"$500,000+ / negotiated",Negotiated,Audited financials and forecasts required,Debt service / covenant capacity assessed,Corporate credit assessment required
ING Australia,Corporate / foreign subsidiary,Equipment / Asset Finance,18+ / authorised business applicant,Business/legal status must be acceptable,Contribution/security depends on facility,"$20,000-$5,000,000",Up to 15 years,Business cash flow and financials required,Business serviceability/cash-flow assessment required,Business credit assessment required
ING Australia,Corporate / foreign subsidiary,First Home Buyer Loan,18,Accepted residency/legal status required,10% demo minimum; >80% LVR extra review,"$50,000-$2,000,000",Up to 30 years,Regular verifiable income required,Must pass serviceability assessment,Acceptable credit history; adverse events may require manual review
ING Australia,Corporate / foreign subsidiary,Green / Sustainability Loan,18,Accepted residency/legal status required,No deposit if unsecured; security if applicable,"$5,000-$100,000",Up to 7 years,Regular verifiable income required,Must pass affordability assessment,Acceptable credit history; adverse events may require manual review
ING Australia,Corporate / foreign subsidiary,Home Loan Refinance,18,Accepted residency/legal status required,10% demo minimum; >80% LVR extra review,"$50,000-$2,000,000",Up to 30 years,Regular verifiable income required,Must pass serviceability assessment,Acceptable credit history; adverse events may require manual review
ING Australia,Corporate / foreign subsidiary,Investment Property Loan,18,Accepted residency/legal status required,10% demo minimum; >80% LVR extra review,"$50,000-$2,000,000",Up to 30 years,Regular verifiable income required,Must pass serviceability assessment,Acceptable credit history; adverse events may require manual review
ING Australia,Corporate / foreign subsidiary,Owner-Occupied Home Loan,18,Accepted residency/legal status required,10% demo minimum; >80% LVR extra review,"$50,000-$2,000,000",Up to 30 years,Regular verifiable income required,Must pass serviceability assessment,Acceptable credit history; adverse events may require manual review
ING Australia,Corporate / foreign subsidiary,Project Finance,Authorised corporate borrower,Corporate/legal status must be acceptable,Facility-specific collateral/leverage,"$500,000+ / negotiated",Negotiated,Audited financials and forecasts required,Debt service / covenant capacity assessed,Corporate credit assessment required
ING Australia,Corporate / foreign subsidiary,Reverse Mortgage / Equity Release,18,Accepted residency/legal status required,10% demo minimum; >80% LVR extra review,"$50,000-$2,000,000",Up to 30 years,Regular verifiable income required,Must pass serviceability assessment,Acceptable credit history; adverse events may require manual review
ING Australia,Corporate / foreign subsidiary,Revolving Credit Facility,Authorised corporate borrower,Corporate/legal status must be acceptable,Facility-specific collateral/leverage,"$500,000+ / negotiated",Negotiated,Audited financials and forecasts required,Debt service / covenant capacity assessed,Corporate credit assessment required
ING Australia,Corporate / foreign subsidiary,Secured Personal Loan,18,Accepted residency/legal status required,No deposit if unsecured; security if applicable,"$5,000-$100,000",Up to 7 years,Regular verifiable income required,Must pass affordability assessment,Acceptable credit history; adverse events may require manual review
ING Australia,Corporate / foreign subsidiary,SMSF / Self-Managed Super Property Loan,18,Accepted residency/legal status required,10% demo minimum; >80% LVR extra review,"$50,000-$2,000,000",Up to 30 years,Regular verifiable income required,Must pass serviceability assessment,Acceptable credit history; adverse events may require manual review
ING Australia,Corporate / foreign subsidiary,Trade Finance,Authorised corporate borrower,Corporate/legal status must be acceptable,Facility-specific collateral/leverage,"$500,000+ / negotiated",Negotiated,Audited financials and forecasts required,Debt service / covenant capacity assessed,Corporate credit assessment required
ING Australia,Corporate / foreign subsidiary,Unsecured Personal Loan,18,Accepted residency/legal status required,No deposit if unsecured; security if applicable,"$5,000-$100,000",Up to 7 years,Regular verifiable income required,Must pass affordability assessment,Acceptable credit history; adverse events may require manual review
ING Australia,Corporate / foreign subsidiary,Vacant Land Loan,18,Accepted residency/legal status required,10% demo minimum; >80% LVR extra review,"$50,000-$2,000,000",Up to 30 years,Regular verifiable income required,Must pass serviceability assessment,Acceptable credit history; adverse events may require manual review
ING Australia,Corporate / foreign subsidiary,Working Capital Loan,18+ / authorised business applicant,Business/legal status must be acceptable,Contribution/security depends on facility,"$20,000-$5,000,000",Up to 15 years,Business cash flow and financials required,Business serviceability/cash-flow assessment required,Business credit assessment required
HSBC Australia,Corporate / foreign subsidiary,Agribusiness / Farm Loan,18+ / authorised business applicant,Business/legal status must be acceptable,Contribution/security depends on facility,"$20,000-$5,000,000",Up to 15 years,Business cash flow and financials required,Business serviceability/cash-flow assessment required,Business credit assessment required
HSBC Australia,Corporate / foreign subsidiary,Bridging Loan,18,Accepted residency/legal status required,10% demo minimum; >80% LVR extra review,"$50,000-$2,000,000",Up to 30 years,Regular verifiable income required,Must pass serviceability assessment,Acceptable credit history; adverse events may require manual review
HSBC Australia,Corporate / foreign subsidiary,Business Overdraft / Line of Credit,18+ / authorised business applicant,Business/legal status must be acceptable,Contribution/security depends on facility,"$20,000-$5,000,000",Up to 15 years,Business cash flow and financials required,Business serviceability/cash-flow assessment required,Business credit assessment required
HSBC Australia,Corporate / foreign subsidiary,Business Term Loan,18+ / authorised business applicant,Business/legal status must be acceptable,Contribution/security depends on facility,"$20,000-$5,000,000",Up to 15 years,Business cash flow and financials required,Business serviceability/cash-flow assessment required,Business credit assessment required
HSBC Australia,Corporate / foreign subsidiary,Car / Vehicle Loan,18,Accepted residency/legal status required,No deposit if unsecured; security if applicable,"$5,000-$100,000",Up to 7 years,Regular verifiable income required,Must pass affordability assessment,Acceptable credit history; adverse events may require manual review
HSBC Australia,Corporate / foreign subsidiary,Commercial Property Loan,18+ / authorised business applicant,Business/legal status must be acceptable,Contribution/security depends on facility,"$20,000-$5,000,000",Up to 15 years,Business cash flow and financials required,Business serviceability/cash-flow assessment required,Business credit assessment required
HSBC Australia,Corporate / foreign subsidiary,Commercial Real Estate Finance,Authorised corporate borrower,Corporate/legal status must be acceptable,Facility-specific collateral/leverage,"$500,000+ / negotiated",Negotiated,Audited financials and forecasts required,Debt service / covenant capacity assessed,Corporate credit assessment required
HSBC Australia,Corporate / foreign subsidiary,Construction Loan,18,Accepted residency/legal status required,10% demo minimum; >80% LVR extra review,"$50,000-$2,000,000",Up to 30 years,Regular verifiable income required,Must pass serviceability assessment,Acceptable credit history; adverse events may require manual review
HSBC Australia,Corporate / foreign subsidiary,Corporate Term Facility,Authorised corporate borrower,Corporate/legal status must be acceptable,Facility-specific collateral/leverage,"$500,000+ / negotiated",Negotiated,Audited financials and forecasts required,Debt service / covenant capacity assessed,Corporate credit assessment required
HSBC Australia,Corporate / foreign subsidiary,Equipment / Asset Finance,18+ / authorised business applicant,Business/legal status must be acceptable,Contribution/security depends on facility,"$20,000-$5,000,000",Up to 15 years,Business cash flow and financials required,Business serviceability/cash-flow assessment required,Business credit assessment required
HSBC Australia,Corporate / foreign subsidiary,First Home Buyer Loan,18,Accepted residency/legal status required,10% demo minimum; >80% LVR extra review,"$50,000-$2,000,000",Up to 30 years,Regular verifiable income required,Must pass serviceability assessment,Acceptable credit history; adverse events may require manual review
HSBC Australia,Corporate / foreign subsidiary,Green / Sustainability Loan,18,Accepted residency/legal status required,No deposit if unsecured; security if applicable,"$5,000-$100,000",Up to 7 years,Regular verifiable income required,Must pass affordability assessment,Acceptable credit history; adverse events may require manual review
HSBC Australia,Corporate / foreign subsidiary,Home Loan Refinance,18,Accepted residency/legal status required,10% demo minimum; >80% LVR extra review,"$50,000-$2,000,000",Up to 30 years,Regular verifiable income required,Must pass serviceability assessment,Acceptable credit history; adverse events may require manual review
HSBC Australia,Corporate / foreign subsidiary,Investment Property Loan,18,Accepted residency/legal status required,10% demo minimum; >80% LVR extra review,"$50,000-$2,000,000",Up to 30 years,Regular verifiable income required,Must pass serviceability assessment,Acceptable credit history; adverse events may require manual review
HSBC Australia,Corporate / foreign subsidiary,Owner-Occupied Home Loan,18,Accepted residency/legal status required,10% demo minimum; >80% LVR extra review,"$50,000-$2,000,000",Up to 30 years,Regular verifiable income required,Must pass serviceability assessment,Acceptable credit history; adverse events may require manual review
HSBC Australia,Corporate / foreign subsidiary,Project Finance,Authorised corporate borrower,Corporate/legal status must be acceptable,Facility-specific collateral/leverage,"$500,000+ / negotiated",Negotiated,Audited financials and forecasts required,Debt service / covenant capacity assessed,Corporate credit assessment required
HSBC Australia,Corporate / foreign subsidiary,Reverse Mortgage / Equity Release,18,Accepted residency/legal status required,10% demo minimum; >80% LVR extra review,"$50,000-$2,000,000",Up to 30 years,Regular verifiable income required,Must pass serviceability assessment,Acceptable credit history; adverse events may require manual review
HSBC Australia,Corporate / foreign subsidiary,Revolving Credit Facility,Authorised corporate borrower,Corporate/legal status must be acceptable,Facility-specific collateral/leverage,"$500,000+ / negotiated",Negotiated,Audited financials and forecasts required,Debt service / covenant capacity assessed,Corporate credit assessment required
HSBC Australia,Corporate / foreign subsidiary,Secured Personal Loan,18,Accepted residency/legal status required,No deposit if unsecured; security if applicable,"$5,000-$100,000",Up to 7 years,Regular verifiable income required,Must pass affordability assessment,Acceptable credit history; adverse events may require manual review
HSBC Australia,Corporate / foreign subsidiary,SMSF / Self-Managed Super Property Loan,18,Accepted residency/legal status required,10% demo minimum; >80% LVR extra review,"$50,000-$2,000,000",Up to 30 years,Regular verifiable income required,Must pass serviceability assessment,Acceptable credit history; adverse events may require manual review
HSBC Australia,Corporate / foreign subsidiary,Trade Finance,Authorised corporate borrower,Corporate/legal status must be acceptable,Facility-specific collateral/leverage,"$500,000+ / negotiated",Negotiated,Audited financials and forecasts required,Debt service / covenant capacity assessed,Corporate credit assessment required
HSBC Australia,Corporate / foreign subsidiary,Unsecured Personal Loan,18,Accepted residency/legal status required,No deposit if unsecured; security if applicable,"$5,000-$100,000",Up to 7 years,Regular verifiable income required,Must pass affordability assessment,Acceptable credit history; adverse events may require manual review
HSBC Australia,Corporate / foreign subsidiary,Vacant Land Loan,18,Accepted residency/legal status required,10% demo minimum; >80% LVR extra review,"$50,000-$2,000,000",Up to 30 years,Regular verifiable income required,Must pass serviceability assessment,Acceptable credit history; adverse events may require manual review
HSBC Australia,Corporate / foreign subsidiary,Working Capital Loan,18+ / authorised business applicant,Business/legal status must be acceptable,Contribution/security depends on facility,"$20,000-$5,000,000",Up to 15 years,Business cash flow and financials required,Business serviceability/cash-flow assessment required,Business credit assessment required
AMP Bank,Corporate / other ADI,Agribusiness / Farm Loan,18+ / authorised business applicant,Business/legal status must be acceptable,Contribution/security depends on facility,"$20,000-$5,000,000",Up to 15 years,Business cash flow and financials required,Business serviceability/cash-flow assessment required,Business credit assessment required
AMP Bank,Corporate / other ADI,Bridging Loan,18,Accepted residency/legal status required,10% demo minimum; >80% LVR extra review,"$50,000-$2,000,000",Up to 30 years,Regular verifiable income required,Must pass serviceability assessment,Acceptable credit history; adverse events may require manual review
AMP Bank,Corporate / other ADI,Business Overdraft / Line of Credit,18+ / authorised business applicant,Business/legal status must be acceptable,Contribution/security depends on facility,"$20,000-$5,000,000",Up to 15 years,Business cash flow and financials required,Business serviceability/cash-flow assessment required,Business credit assessment required
AMP Bank,Corporate / other ADI,Business Term Loan,18+ / authorised business applicant,Business/legal status must be acceptable,Contribution/security depends on facility,"$20,000-$5,000,000",Up to 15 years,Business cash flow and financials required,Business serviceability/cash-flow assessment required,Business credit assessment required
AMP Bank,Corporate / other ADI,Car / Vehicle Loan,18,Accepted residency/legal status required,No deposit if unsecured; security if applicable,"$5,000-$100,000",Up to 7 years,Regular verifiable income required,Must pass affordability assessment,Acceptable credit history; adverse events may require manual review
AMP Bank,Corporate / other ADI,Commercial Property Loan,18+ / authorised business applicant,Business/legal status must be acceptable,Contribution/security depends on facility,"$20,000-$5,000,000",Up to 15 years,Business cash flow and financials required,Business serviceability/cash-flow assessment required,Business credit assessment required
AMP Bank,Corporate / other ADI,Commercial Real Estate Finance,Authorised corporate borrower,Corporate/legal status must be acceptable,Facility-specific collateral/leverage,"$500,000+ / negotiated",Negotiated,Audited financials and forecasts required,Debt service / covenant capacity assessed,Corporate credit assessment required
AMP Bank,Corporate / other ADI,Construction Loan,18,Accepted residency/legal status required,10% demo minimum; >80% LVR extra review,"$50,000-$2,000,000",Up to 30 years,Regular verifiable income required,Must pass serviceability assessment,Acceptable credit history; adverse events may require manual review
AMP Bank,Corporate / other ADI,Corporate Term Facility,Authorised corporate borrower,Corporate/legal status must be acceptable,Facility-specific collateral/leverage,"$500,000+ / negotiated",Negotiated,Audited financials and forecasts required,Debt service / covenant capacity assessed,Corporate credit assessment required
AMP Bank,Corporate / other ADI,Equipment / Asset Finance,18+ / authorised business applicant,Business/legal status must be acceptable,Contribution/security depends on facility,"$20,000-$5,000,000",Up to 15 years,Business cash flow and financials required,Business serviceability/cash-flow assessment required,Business credit assessment required
AMP Bank,Corporate / other ADI,First Home Buyer Loan,18,Accepted residency/legal status required,10% demo minimum; >80% LVR extra review,"$50,000-$2,000,000",Up to 30 years,Regular verifiable income required,Must pass serviceability assessment,Acceptable credit history; adverse events may require manual review
AMP Bank,Corporate / other ADI,Green / Sustainability Loan,18,Accepted residency/legal status required,No deposit if unsecured; security if applicable,"$5,000-$100,000",Up to 7 years,Regular verifiable income required,Must pass affordability assessment,Acceptable credit history; adverse events may require manual review
AMP Bank,Corporate / other ADI,Home Loan Refinance,18,Accepted residency/legal status required,10% demo minimum; >80% LVR extra review,"$50,000-$2,000,000",Up to 30 years,Regular verifiable income required,Must pass serviceability assessment,Acceptable credit history; adverse events may require manual review
AMP Bank,Corporate / other ADI,Investment Property Loan,18,Accepted residency/legal status required,10% demo minimum; >80% LVR extra review,"$50,000-$2,000,000",Up to 30 years,Regular verifiable income required,Must pass serviceability assessment,Acceptable credit history; adverse events may require manual review
AMP Bank,Corporate / other ADI,Owner-Occupied Home Loan,18,Accepted residency/legal status required,10% demo minimum; >80% LVR extra review,"$50,000-$2,000,000",Up to 30 years,Regular verifiable income required,Must pass serviceability assessment,Acceptable credit history; adverse events may require manual review
AMP Bank,Corporate / other ADI,Project Finance,Authorised corporate borrower,Corporate/legal status must be acceptable,Facility-specific collateral/leverage,"$500,000+ / negotiated",Negotiated,Audited financials and forecasts required,Debt service / covenant capacity assessed,Corporate credit assessment required
AMP Bank,Corporate / other ADI,Reverse Mortgage / Equity Release,18,Accepted residency/legal status required,10% demo minimum; >80% LVR extra review,"$50,000-$2,000,000",Up to 30 years,Regular verifiable income required,Must pass serviceability assessment,Acceptable credit history; adverse events may require manual review
AMP Bank,Corporate / other ADI,Revolving Credit Facility,Authorised corporate borrower,Corporate/legal status must be acceptable,Facility-specific collateral/leverage,"$500,000+ / negotiated",Negotiated,Audited financials and forecasts required,Debt service / covenant capacity assessed,Corporate credit assessment required
AMP Bank,Corporate / other ADI,Secured Personal Loan,18,Accepted residency/legal status required,No deposit if unsecured; security if applicable,"$5,000-$100,000",Up to 7 years,Regular verifiable income required,Must pass affordability assessment,Acceptable credit history; adverse events may require manual review
AMP Bank,Corporate / other ADI,SMSF / Self-Managed Super Property Loan,18,Accepted residency/legal status required,10% demo minimum; >80% LVR extra review,"$50,000-$2,000,000",Up to 30 years,Regular verifiable income required,Must pass serviceability assessment,Acceptable credit history; adverse events may require manual review
AMP Bank,Corporate / other ADI,Trade Finance,Authorised corporate borrower,Corporate/legal status must be acceptable,Facility-specific collateral/leverage,"$500,000+ / negotiated",Negotiated,Audited financials and forecasts required,Debt service / covenant capacity assessed,Corporate credit assessment required
AMP Bank,Corporate / other ADI,Unsecured Personal Loan,18,Accepted residency/legal status required,No deposit if unsecured; security if applicable,"$5,000-$100,000",Up to 7 years,Regular verifiable income required,Must pass affordability assessment,Acceptable credit history; adverse events may require manual review
AMP Bank,Corporate / other ADI,Vacant Land Loan,18,Accepted residency/legal status required,10% demo minimum; >80% LVR extra review,"$50,000-$2,000,000",Up to 30 years,Regular verifiable income required,Must pass serviceability assessment,Acceptable credit history; adverse events may require manual review
AMP Bank,Corporate / other ADI,Working Capital Loan,18+ / authorised business applicant,Business/legal status must be acceptable,Contribution/security depends on facility,"$20,000-$5,000,000",Up to 15 years,Business cash flow and financials required,Business serviceability/cash-flow assessment required,Business credit assessment required
Judo Bank,Corporate / other ADI,Agribusiness / Farm Loan,18+ / authorised business applicant,Business/legal status must be acceptable,Contribution/security depends on facility,"$20,000-$5,000,000",Up to 15 years,Business cash flow and financials required,Business serviceability/cash-flow assessment required,Business credit assessment required
Judo Bank,Corporate / other ADI,Bridging Loan,18,Accepted residency/legal status required,10% demo minimum; >80% LVR extra review,"$50,000-$2,000,000",Up to 30 years,Regular verifiable income required,Must pass serviceability assessment,Acceptable credit history; adverse events may require manual review
Judo Bank,Corporate / other ADI,Business Overdraft / Line of Credit,18+ / authorised business applicant,Business/legal status must be acceptable,Contribution/security depends on facility,"$20,000-$5,000,000",Up to 15 years,Business cash flow and financials required,Business serviceability/cash-flow assessment required,Business credit assessment required
Judo Bank,Corporate / other ADI,Business Term Loan,18+ / authorised business applicant,Business/legal status must be acceptable,Contribution/security depends on facility,"$20,000-$5,000,000",Up to 15 years,Business cash flow and financials required,Business serviceability/cash-flow assessment required,Business credit assessment required
Judo Bank,Corporate / other ADI,Car / Vehicle Loan,18,Accepted residency/legal status required,No deposit if unsecured; security if applicable,"$5,000-$100,000",Up to 7 years,Regular verifiable income required,Must pass affordability assessment,Acceptable credit history; adverse events may require manual review
Judo Bank,Corporate / other ADI,Commercial Property Loan,18+ / authorised business applicant,Business/legal status must be acceptable,Contribution/security depends on facility,"$20,000-$5,000,000",Up to 15 years,Business cash flow and financials required,Business serviceability/cash-flow assessment required,Business credit assessment required
Judo Bank,Corporate / other ADI,Commercial Real Estate Finance,Authorised corporate borrower,Corporate/legal status must be acceptable,Facility-specific collateral/leverage,"$500,000+ / negotiated",Negotiated,Audited financials and forecasts required,Debt service / covenant capacity assessed,Corporate credit assessment required
Judo Bank,Corporate / other ADI,Construction Loan,18,Accepted residency/legal status required,10% demo minimum; >80% LVR extra review,"$50,000-$2,000,000",Up to 30 years,Regular verifiable income required,Must pass serviceability assessment,Acceptable credit history; adverse events may require manual review
Judo Bank,Corporate / other ADI,Corporate Term Facility,Authorised corporate borrower,Corporate/legal status must be acceptable,Facility-specific collateral/leverage,"$500,000+ / negotiated",Negotiated,Audited financials and forecasts required,Debt service / covenant capacity assessed,Corporate credit assessment required
Judo Bank,Corporate / other ADI,Equipment / Asset Finance,18+ / authorised business applicant,Business/legal status must be acceptable,Contribution/security depends on facility,"$20,000-$5,000,000",Up to 15 years,Business cash flow and financials required,Business serviceability/cash-flow assessment required,Business credit assessment required
Judo Bank,Corporate / other ADI,First Home Buyer Loan,18,Accepted residency/legal status required,10% demo minimum; >80% LVR extra review,"$50,000-$2,000,000",Up to 30 years,Regular verifiable income required,Must pass serviceability assessment,Acceptable credit history; adverse events may require manual review
Judo Bank,Corporate / other ADI,Green / Sustainability Loan,18,Accepted residency/legal status required,No deposit if unsecured; security if applicable,"$5,000-$100,000",Up to 7 years,Regular verifiable income required,Must pass affordability assessment,Acceptable credit history; adverse events may require manual review
Judo Bank,Corporate / other ADI,Home Loan Refinance,18,Accepted residency/legal status required,10% demo minimum; >80% LVR extra review,"$50,000-$2,000,000",Up to 30 years,Regular verifiable income required,Must pass serviceability assessment,Acceptable credit history; adverse events may require manual review
Judo Bank,Corporate / other ADI,Investment Property Loan,18,Accepted residency/legal status required,10% demo minimum; >80% LVR extra review,"$50,000-$2,000,000",Up to 30 years,Regular verifiable income required,Must pass serviceability assessment,Acceptable credit history; adverse events may require manual review
Judo Bank,Corporate / other ADI,Owner-Occupied Home Loan,18,Accepted residency/legal status required,10% demo minimum; >80% LVR extra review,"$50,000-$2,000,000",Up to 30 years,Regular verifiable income required,Must pass serviceability assessment,Acceptable credit history; adverse events may require manual review
Judo Bank,Corporate / other ADI,Project Finance,Authorised corporate borrower,Corporate/legal status must be acceptable,Facility-specific collateral/leverage,"$500,000+ / negotiated",Negotiated,Audited financials and forecasts required,Debt service / covenant capacity assessed,Corporate credit assessment required
Judo Bank,Corporate / other ADI,Reverse Mortgage / Equity Release,18,Accepted residency/legal status required,10% demo minimum; >80% LVR extra review,"$50,000-$2,000,000",Up to 30 years,Regular verifiable income required,Must pass serviceability assessment,Acceptable credit history; adverse events may require manual review
Judo Bank,Corporate / other ADI,Revolving Credit Facility,Authorised corporate borrower,Corporate/legal status must be acceptable,Facility-specific collateral/leverage,"$500,000+ / negotiated",Negotiated,Audited financials and forecasts required,Debt service / covenant capacity assessed,Corporate credit assessment required
Judo Bank,Corporate / other ADI,Secured Personal Loan,18,Accepted residency/legal status required,No deposit if unsecured; security if applicable,"$5,000-$100,000",Up to 7 years,Regular verifiable income required,Must pass affordability assessment,Acceptable credit history; adverse events may require manual review
Judo Bank,Corporate / other ADI,SMSF / Self-Managed Super Property Loan,18,Accepted residency/legal status required,10% demo minimum; >80% LVR extra review,"$50,000-$2,000,000",Up to 30 years,Regular verifiable income required,Must pass serviceability assessment,Acceptable credit history; adverse events may require manual review
Judo Bank,Corporate / other ADI,Trade Finance,Authorised corporate borrower,Corporate/legal status must be acceptable,Facility-specific collateral/leverage,"$500,000+ / negotiated",Negotiated,Audited financials and forecasts required,Debt service / covenant capacity assessed,Corporate credit assessment required
Judo Bank,Corporate / other ADI,Unsecured Personal Loan,18,Accepted residency/legal status required,No deposit if unsecured; security if applicable,"$5,000-$100,000",Up to 7 years,Regular verifiable income required,Must pass affordability assessment,Acceptable credit history; adverse events may require manual review
Judo Bank,Corporate / other ADI,Vacant Land Loan,18,Accepted residency/legal status required,10% demo minimum; >80% LVR extra review,"$50,000-$2,000,000",Up to 30 years,Regular verifiable income required,Must pass serviceability assessment,Acceptable credit history; adverse events may require manual review
Judo Bank,Corporate / other ADI,Working Capital Loan,18+ / authorised business applicant,Business/legal status must be acceptable,Contribution/security depends on facility,"$20,000-$5,000,000",Up to 15 years,Business cash flow and financials required,Business serviceability/cash-flow assessment required,Business credit assessment required
Rabobank Australia,Corporate / foreign subsidiary,Agribusiness / Farm Loan,18+ / authorised business applicant,Business/legal status must be acceptable,Contribution/security depends on facility,"$20,000-$5,000,000",Up to 15 years,Business cash flow and financials required,Business serviceability/cash-flow assessment required,Business credit assessment required
Rabobank Australia,Corporate / foreign subsidiary,Bridging Loan,18,Accepted residency/legal status required,10% demo minimum; >80% LVR extra review,"$50,000-$2,000,000",Up to 30 years,Regular verifiable income required,Must pass serviceability assessment,Acceptable credit history; adverse events may require manual review
Rabobank Australia,Corporate / foreign subsidiary,Business Overdraft / Line of Credit,18+ / authorised business applicant,Business/legal status must be acceptable,Contribution/security depends on facility,"$20,000-$5,000,000",Up to 15 years,Business cash flow and financials required,Business serviceability/cash-flow assessment required,Business credit assessment required
Rabobank Australia,Corporate / foreign subsidiary,Business Term Loan,18+ / authorised business applicant,Business/legal status must be acceptable,Contribution/security depends on facility,"$20,000-$5,000,000",Up to 15 years,Business cash flow and financials required,Business serviceability/cash-flow assessment required,Business credit assessment required
Rabobank Australia,Corporate / foreign subsidiary,Car / Vehicle Loan,18,Accepted residency/legal status required,No deposit if unsecured; security if applicable,"$5,000-$100,000",Up to 7 years,Regular verifiable income required,Must pass affordability assessment,Acceptable credit history; adverse events may require manual review
Rabobank Australia,Corporate / foreign subsidiary,Commercial Property Loan,18+ / authorised business applicant,Business/legal status must be acceptable,Contribution/security depends on facility,"$20,000-$5,000,000",Up to 15 years,Business cash flow and financials required,Business serviceability/cash-flow assessment required,Business credit assessment required
Rabobank Australia,Corporate / foreign subsidiary,Commercial Real Estate Finance,Authorised corporate borrower,Corporate/legal status must be acceptable,Facility-specific collateral/leverage,"$500,000+ / negotiated",Negotiated,Audited financials and forecasts required,Debt service / covenant capacity assessed,Corporate credit assessment required
Rabobank Australia,Corporate / foreign subsidiary,Construction Loan,18,Accepted residency/legal status required,10% demo minimum; >80% LVR extra review,"$50,000-$2,000,000",Up to 30 years,Regular verifiable income required,Must pass serviceability assessment,Acceptable credit history; adverse events may require manual review
Rabobank Australia,Corporate / foreign subsidiary,Corporate Term Facility,Authorised corporate borrower,Corporate/legal status must be acceptable,Facility-specific collateral/leverage,"$500,000+ / negotiated",Negotiated,Audited financials and forecasts required,Debt service / covenant capacity assessed,Corporate credit assessment required
Rabobank Australia,Corporate / foreign subsidiary,Equipment / Asset Finance,18+ / authorised business applicant,Business/legal status must be acceptable,Contribution/security depends on facility,"$20,000-$5,000,000",Up to 15 years,Business cash flow and financials required,Business serviceability/cash-flow assessment required,Business credit assessment required
Rabobank Australia,Corporate / foreign subsidiary,First Home Buyer Loan,18,Accepted residency/legal status required,10% demo minimum; >80% LVR extra review,"$50,000-$2,000,000",Up to 30 years,Regular verifiable income required,Must pass serviceability assessment,Acceptable credit history; adverse events may require manual review
Rabobank Australia,Corporate / foreign subsidiary,Green / Sustainability Loan,18,Accepted residency/legal status required,No deposit if unsecured; security if applicable,"$5,000-$100,000",Up to 7 years,Regular verifiable income required,Must pass affordability assessment,Acceptable credit history; adverse events may require manual review
Rabobank Australia,Corporate / foreign subsidiary,Home Loan Refinance,18,Accepted residency/legal status required,10% demo minimum; >80% LVR extra review,"$50,000-$2,000,000",Up to 30 years,Regular verifiable income required,Must pass serviceability assessment,Acceptable credit history; adverse events may require manual review
Rabobank Australia,Corporate / foreign subsidiary,Investment Property Loan,18,Accepted residency/legal status required,10% demo minimum; >80% LVR extra review,"$50,000-$2,000,000",Up to 30 years,Regular verifiable income required,Must pass serviceability assessment,Acceptable credit history; adverse events may require manual review
Rabobank Australia,Corporate / foreign subsidiary,Owner-Occupied Home Loan,18,Accepted residency/legal status required,10% demo minimum; >80% LVR extra review,"$50,000-$2,000,000",Up to 30 years,Regular verifiable income required,Must pass serviceability assessment,Acceptable credit history; adverse events may require manual review
Rabobank Australia,Corporate / foreign subsidiary,Project Finance,Authorised corporate borrower,Corporate/legal status must be acceptable,Facility-specific collateral/leverage,"$500,000+ / negotiated",Negotiated,Audited financials and forecasts required,Debt service / covenant capacity assessed,Corporate credit assessment required
Rabobank Australia,Corporate / foreign subsidiary,Reverse Mortgage / Equity Release,18,Accepted residency/legal status required,10% demo minimum; >80% LVR extra review,"$50,000-$2,000,000",Up to 30 years,Regular verifiable income required,Must pass serviceability assessment,Acceptable credit history; adverse events may require manual review
Rabobank Australia,Corporate / foreign subsidiary,Revolving Credit Facility,Authorised corporate borrower,Corporate/legal status must be acceptable,Facility-specific collateral/leverage,"$500,000+ / negotiated",Negotiated,Audited financials and forecasts required,Debt service / covenant capacity assessed,Corporate credit assessment required
Rabobank Australia,Corporate / foreign subsidiary,Secured Personal Loan,18,Accepted residency/legal status required,No deposit if unsecured; security if applicable,"$5,000-$100,000",Up to 7 years,Regular verifiable income required,Must pass affordability assessment,Acceptable credit history; adverse events may require manual review
Rabobank Australia,Corporate / foreign subsidiary,SMSF / Self-Managed Super Property Loan,18,Accepted residency/legal status required,10% demo minimum; >80% LVR extra review,"$50,000-$2,000,000",Up to 30 years,Regular verifiable income required,Must pass serviceability assessment,Acceptable credit history; adverse events may require manual review
Rabobank Australia,Corporate / foreign subsidiary,Trade Finance,Authorised corporate borrower,Corporate/legal status must be acceptable,Facility-specific collateral/leverage,"$500,000+ / negotiated",Negotiated,Audited financials and forecasts required,Debt service / covenant capacity assessed,Corporate credit assessment required
Rabobank Australia,Corporate / foreign subsidiary,Unsecured Personal Loan,18,Accepted residency/legal status required,No deposit if unsecured; security if applicable,"$5,000-$100,000",Up to 7 years,Regular verifiable income required,Must pass affordability assessment,Acceptable credit history; adverse events may require manual review
Rabobank Australia,Corporate / foreign subsidiary,Vacant Land Loan,18,Accepted residency/legal status required,10% demo minimum; >80% LVR extra review,"$50,000-$2,000,000",Up to 30 years,Regular verifiable income required,Must pass serviceability assessment,Acceptable credit history; adverse events may require manual review
Rabobank Australia,Corporate / foreign subsidiary,Working Capital Loan,18+ / authorised business applicant,Business/legal status must be acceptable,Contribution/security depends on facility,"$20,000-$5,000,000",Up to 15 years,Business cash flow and financials required,Business serviceability/cash-flow assessment required,Business credit assessment required
,,,,,,,,,,
MUTUAL / MEMBER-OWNED BANKS,,,,,,,,,,
Bank,Bank Type,Loan Type,Min Age,Residency Policy,Deposit / LVR Policy,Dummy Loan Amount,Dummy Max Term,Income / Cash Flow Policy,Serviceability Policy,Credit Policy
Bank Australia,Mutual / member-owned,Agribusiness / Farm Loan,18+ / authorised business applicant,Business/legal status must be acceptable,Contribution/security depends on facility,"$20,000-$5,000,000",Up to 15 years,Business cash flow and financials required,Business serviceability/cash-flow assessment required,Business credit assessment required
Bank Australia,Mutual / member-owned,Bridging Loan,18,Accepted residency/legal status required,10% demo minimum; >80% LVR extra review,"$50,000-$2,000,000",Up to 30 years,Regular verifiable income required,Must pass serviceability assessment,Acceptable credit history; adverse events may require manual review
Bank Australia,Mutual / member-owned,Business Overdraft / Line of Credit,18+ / authorised business applicant,Business/legal status must be acceptable,Contribution/security depends on facility,"$20,000-$5,000,000",Up to 15 years,Business cash flow and financials required,Business serviceability/cash-flow assessment required,Business credit assessment required
Bank Australia,Mutual / member-owned,Business Term Loan,18+ / authorised business applicant,Business/legal status must be acceptable,Contribution/security depends on facility,"$20,000-$5,000,000",Up to 15 years,Business cash flow and financials required,Business serviceability/cash-flow assessment required,Business credit assessment required
Bank Australia,Mutual / member-owned,Car / Vehicle Loan,18,Accepted residency/legal status required,No deposit if unsecured; security if applicable,"$5,000-$100,000",Up to 7 years,Regular verifiable income required,Must pass affordability assessment,Acceptable credit history; adverse events may require manual review
Bank Australia,Mutual / member-owned,Commercial Property Loan,18+ / authorised business applicant,Business/legal status must be acceptable,Contribution/security depends on facility,"$20,000-$5,000,000",Up to 15 years,Business cash flow and financials required,Business serviceability/cash-flow assessment required,Business credit assessment required
Bank Australia,Mutual / member-owned,Commercial Real Estate Finance,Authorised corporate borrower,Corporate/legal status must be acceptable,Facility-specific collateral/leverage,"$500,000+ / negotiated",Negotiated,Audited financials and forecasts required,Debt service / covenant capacity assessed,Corporate credit assessment required
Bank Australia,Mutual / member-owned,Construction Loan,18,Accepted residency/legal status required,10% demo minimum; >80% LVR extra review,"$50,000-$2,000,000",Up to 30 years,Regular verifiable income required,Must pass serviceability assessment,Acceptable credit history; adverse events may require manual review
Bank Australia,Mutual / member-owned,Corporate Term Facility,Authorised corporate borrower,Corporate/legal status must be acceptable,Facility-specific collateral/leverage,"$500,000+ / negotiated",Negotiated,Audited financials and forecasts required,Debt service / covenant capacity assessed,Corporate credit assessment required
Bank Australia,Mutual / member-owned,Equipment / Asset Finance,18+ / authorised business applicant,Business/legal status must be acceptable,Contribution/security depends on facility,"$20,000-$5,000,000",Up to 15 years,Business cash flow and financials required,Business serviceability/cash-flow assessment required,Business credit assessment required
Bank Australia,Mutual / member-owned,First Home Buyer Loan,18,Accepted residency/legal status required,10% demo minimum; >80% LVR extra review,"$50,000-$2,000,000",Up to 30 years,Regular verifiable income required,Must pass serviceability assessment,Acceptable credit history; adverse events may require manual review
Bank Australia,Mutual / member-owned,Green / Sustainability Loan,18,Accepted residency/legal status required,No deposit if unsecured; security if applicable,"$5,000-$100,000",Up to 7 years,Regular verifiable income required,Must pass affordability assessment,Acceptable credit history; adverse events may require manual review
Bank Australia,Mutual / member-owned,Home Loan Refinance,18,Accepted residency/legal status required,10% demo minimum; >80% LVR extra review,"$50,000-$2,000,000",Up to 30 years,Regular verifiable income required,Must pass serviceability assessment,Acceptable credit history; adverse events may require manual review
Bank Australia,Mutual / member-owned,Investment Property Loan,18,Accepted residency/legal status required,10% demo minimum; >80% LVR extra review,"$50,000-$2,000,000",Up to 30 years,Regular verifiable income required,Must pass serviceability assessment,Acceptable credit history; adverse events may require manual review
Bank Australia,Mutual / member-owned,Owner-Occupied Home Loan,18,Accepted residency/legal status required,10% demo minimum; >80% LVR extra review,"$50,000-$2,000,000",Up to 30 years,Regular verifiable income required,Must pass serviceability assessment,Acceptable credit history; adverse events may require manual review
Bank Australia,Mutual / member-owned,Project Finance,Authorised corporate borrower,Corporate/legal status must be acceptable,Facility-specific collateral/leverage,"$500,000+ / negotiated",Negotiated,Audited financials and forecasts required,Debt service / covenant capacity assessed,Corporate credit assessment required
Bank Australia,Mutual / member-owned,Reverse Mortgage / Equity Release,18,Accepted residency/legal status required,10% demo minimum; >80% LVR extra review,"$50,000-$2,000,000",Up to 30 years,Regular verifiable income required,Must pass serviceability assessment,Acceptable credit history; adverse events may require manual review
Bank Australia,Mutual / member-owned,Revolving Credit Facility,Authorised corporate borrower,Corporate/legal status must be acceptable,Facility-specific collateral/leverage,"$500,000+ / negotiated",Negotiated,Audited financials and forecasts required,Debt service / covenant capacity assessed,Corporate credit assessment required
Bank Australia,Mutual / member-owned,Secured Personal Loan,18,Accepted residency/legal status required,No deposit if unsecured; security if applicable,"$5,000-$100,000",Up to 7 years,Regular verifiable income required,Must pass affordability assessment,Acceptable credit history; adverse events may require manual review
Bank Australia,Mutual / member-owned,SMSF / Self-Managed Super Property Loan,18,Accepted residency/legal status required,10% demo minimum; >80% LVR extra review,"$50,000-$2,000,000",Up to 30 years,Regular verifiable income required,Must pass serviceability assessment,Acceptable credit history; adverse events may require manual review
Bank Australia,Mutual / member-owned,Trade Finance,Authorised corporate borrower,Corporate/legal status must be acceptable,Facility-specific collateral/leverage,"$500,000+ / negotiated",Negotiated,Audited financials and forecasts required,Debt service / covenant capacity assessed,Corporate credit assessment required
Bank Australia,Mutual / member-owned,Unsecured Personal Loan,18,Accepted residency/legal status required,No deposit if unsecured; security if applicable,"$5,000-$100,000",Up to 7 years,Regular verifiable income required,Must pass affordability assessment,Acceptable credit history; adverse events may require manual review
Bank Australia,Mutual / member-owned,Vacant Land Loan,18,Accepted residency/legal status required,10% demo minimum; >80% LVR extra review,"$50,000-$2,000,000",Up to 30 years,Regular verifiable income required,Must pass serviceability assessment,Acceptable credit history; adverse events may require manual review
Bank Australia,Mutual / member-owned,Working Capital Loan,18+ / authorised business applicant,Business/legal status must be acceptable,Contribution/security depends on facility,"$20,000-$5,000,000",Up to 15 years,Business cash flow and financials required,Business serviceability/cash-flow assessment required,Business credit assessment required
Great Southern Bank,Mutual / member-owned,Agribusiness / Farm Loan,18+ / authorised business applicant,Business/legal status must be acceptable,Contribution/security depends on facility,"$20,000-$5,000,000",Up to 15 years,Business cash flow and financials required,Business serviceability/cash-flow assessment required,Business credit assessment required
Great Southern Bank,Mutual / member-owned,Bridging Loan,18,Accepted residency/legal status required,10% demo minimum; >80% LVR extra review,"$50,000-$2,000,000",Up to 30 years,Regular verifiable income required,Must pass serviceability assessment,Acceptable credit history; adverse events may require manual review
Great Southern Bank,Mutual / member-owned,Business Overdraft / Line of Credit,18+ / authorised business applicant,Business/legal status must be acceptable,Contribution/security depends on facility,"$20,000-$5,000,000",Up to 15 years,Business cash flow and financials required,Business serviceability/cash-flow assessment required,Business credit assessment required
Great Southern Bank,Mutual / member-owned,Business Term Loan,18+ / authorised business applicant,Business/legal status must be acceptable,Contribution/security depends on facility,"$20,000-$5,000,000",Up to 15 years,Business cash flow and financials required,Business serviceability/cash-flow assessment required,Business credit assessment required
Great Southern Bank,Mutual / member-owned,Car / Vehicle Loan,18,Accepted residency/legal status required,No deposit if unsecured; security if applicable,"$5,000-$100,000",Up to 7 years,Regular verifiable income required,Must pass affordability assessment,Acceptable credit history; adverse events may require manual review
Great Southern Bank,Mutual / member-owned,Commercial Property Loan,18+ / authorised business applicant,Business/legal status must be acceptable,Contribution/security depends on facility,"$20,000-$5,000,000",Up to 15 years,Business cash flow and financials required,Business serviceability/cash-flow assessment required,Business credit assessment required
Great Southern Bank,Mutual / member-owned,Commercial Real Estate Finance,Authorised corporate borrower,Corporate/legal status must be acceptable,Facility-specific collateral/leverage,"$500,000+ / negotiated",Negotiated,Audited financials and forecasts required,Debt service / covenant capacity assessed,Corporate credit assessment required
Great Southern Bank,Mutual / member-owned,Construction Loan,18,Accepted residency/legal status required,10% demo minimum; >80% LVR extra review,"$50,000-$2,000,000",Up to 30 years,Regular verifiable income required,Must pass serviceability assessment,Acceptable credit history; adverse events may require manual review
Great Southern Bank,Mutual / member-owned,Corporate Term Facility,Authorised corporate borrower,Corporate/legal status must be acceptable,Facility-specific collateral/leverage,"$500,000+ / negotiated",Negotiated,Audited financials and forecasts required,Debt service / covenant capacity assessed,Corporate credit assessment required
Great Southern Bank,Mutual / member-owned,Equipment / Asset Finance,18+ / authorised business applicant,Business/legal status must be acceptable,Contribution/security depends on facility,"$20,000-$5,000,000",Up to 15 years,Business cash flow and financials required,Business serviceability/cash-flow assessment required,Business credit assessment required
Great Southern Bank,Mutual / member-owned,First Home Buyer Loan,18,Accepted residency/legal status required,10% demo minimum; >80% LVR extra review,"$50,000-$2,000,000",Up to 30 years,Regular verifiable income required,Must pass serviceability assessment,Acceptable credit history; adverse events may require manual review
Great Southern Bank,Mutual / member-owned,Green / Sustainability Loan,18,Accepted residency/legal status required,No deposit if unsecured; security if applicable,"$5,000-$100,000",Up to 7 years,Regular verifiable income required,Must pass affordability assessment,Acceptable credit history; adverse events may require manual review
Great Southern Bank,Mutual / member-owned,Home Loan Refinance,18,Accepted residency/legal status required,10% demo minimum; >80% LVR extra review,"$50,000-$2,000,000",Up to 30 years,Regular verifiable income required,Must pass serviceability assessment,Acceptable credit history; adverse events may require manual review
Great Southern Bank,Mutual / member-owned,Investment Property Loan,18,Accepted residency/legal status required,10% demo minimum; >80% LVR extra review,"$50,000-$2,000,000",Up to 30 years,Regular verifiable income required,Must pass serviceability assessment,Acceptable credit history; adverse events may require manual review
Great Southern Bank,Mutual / member-owned,Owner-Occupied Home Loan,18,Accepted residency/legal status required,10% demo minimum; >80% LVR extra review,"$50,000-$2,000,000",Up to 30 years,Regular verifiable income required,Must pass serviceability assessment,Acceptable credit history; adverse events may require manual review
Great Southern Bank,Mutual / member-owned,Project Finance,Authorised corporate borrower,Corporate/legal status must be acceptable,Facility-specific collateral/leverage,"$500,000+ / negotiated",Negotiated,Audited financials and forecasts required,Debt service / covenant capacity assessed,Corporate credit assessment required
Great Southern Bank,Mutual / member-owned,Reverse Mortgage / Equity Release,18,Accepted residency/legal status required,10% demo minimum; >80% LVR extra review,"$50,000-$2,000,000",Up to 30 years,Regular verifiable income required,Must pass serviceability assessment,Acceptable credit history; adverse events may require manual review
Great Southern Bank,Mutual / member-owned,Revolving Credit Facility,Authorised corporate borrower,Corporate/legal status must be acceptable,Facility-specific collateral/leverage,"$500,000+ / negotiated",Negotiated,Audited financials and forecasts required,Debt service / covenant capacity assessed,Corporate credit assessment required
Great Southern Bank,Mutual / member-owned,Secured Personal Loan,18,Accepted residency/legal status required,No deposit if unsecured; security if applicable,"$5,000-$100,000",Up to 7 years,Regular verifiable income required,Must pass affordability assessment,Acceptable credit history; adverse events may require manual review
Great Southern Bank,Mutual / member-owned,SMSF / Self-Managed Super Property Loan,18,Accepted residency/legal status required,10% demo minimum; >80% LVR extra review,"$50,000-$2,000,000",Up to 30 years,Regular verifiable income required,Must pass serviceability assessment,Acceptable credit history; adverse events may require manual review
Great Southern Bank,Mutual / member-owned,Trade Finance,Authorised corporate borrower,Corporate/legal status must be acceptable,Facility-specific collateral/leverage,"$500,000+ / negotiated",Negotiated,Audited financials and forecasts required,Debt service / covenant capacity assessed,Corporate credit assessment required
Great Southern Bank,Mutual / member-owned,Unsecured Personal Loan,18,Accepted residency/legal status required,No deposit if unsecured; security if applicable,"$5,000-$100,000",Up to 7 years,Regular verifiable income required,Must pass affordability assessment,Acceptable credit history; adverse events may require manual review
Great Southern Bank,Mutual / member-owned,Vacant Land Loan,18,Accepted residency/legal status required,10% demo minimum; >80% LVR extra review,"$50,000-$2,000,000",Up to 30 years,Regular verifiable income required,Must pass serviceability assessment,Acceptable credit history; adverse events may require manual review
Great Southern Bank,Mutual / member-owned,Working Capital Loan,18+ / authorised business applicant,Business/legal status must be acceptable,Contribution/security depends on facility,"$20,000-$5,000,000",Up to 15 years,Business cash flow and financials required,Business serviceability/cash-flow assessment required,Business credit assessment required
Beyond Bank Australia,Mutual / member-owned,Agribusiness / Farm Loan,18+ / authorised business applicant,Business/legal status must be acceptable,Contribution/security depends on facility,"$20,000-$5,000,000",Up to 15 years,Business cash flow and financials required,Business serviceability/cash-flow assessment required,Business credit assessment required
Beyond Bank Australia,Mutual / member-owned,Bridging Loan,18,Accepted residency/legal status required,10% demo minimum; >80% LVR extra review,"$50,000-$2,000,000",Up to 30 years,Regular verifiable income required,Must pass serviceability assessment,Acceptable credit history; adverse events may require manual review
Beyond Bank Australia,Mutual / member-owned,Business Overdraft / Line of Credit,18+ / authorised business applicant,Business/legal status must be acceptable,Contribution/security depends on facility,"$20,000-$5,000,000",Up to 15 years,Business cash flow and financials required,Business serviceability/cash-flow assessment required,Business credit assessment required
Beyond Bank Australia,Mutual / member-owned,Business Term Loan,18+ / authorised business applicant,Business/legal status must be acceptable,Contribution/security depends on facility,"$20,000-$5,000,000",Up to 15 years,Business cash flow and financials required,Business serviceability/cash-flow assessment required,Business credit assessment required
Beyond Bank Australia,Mutual / member-owned,Car / Vehicle Loan,18,Accepted residency/legal status required,No deposit if unsecured; security if applicable,"$5,000-$100,000",Up to 7 years,Regular verifiable income required,Must pass affordability assessment,Acceptable credit history; adverse events may require manual review
Beyond Bank Australia,Mutual / member-owned,Commercial Property Loan,18+ / authorised business applicant,Business/legal status must be acceptable,Contribution/security depends on facility,"$20,000-$5,000,000",Up to 15 years,Business cash flow and financials required,Business serviceability/cash-flow assessment required,Business credit assessment required
Beyond Bank Australia,Mutual / member-owned,Commercial Real Estate Finance,Authorised corporate borrower,Corporate/legal status must be acceptable,Facility-specific collateral/leverage,"$500,000+ / negotiated",Negotiated,Audited financials and forecasts required,Debt service / covenant capacity assessed,Corporate credit assessment required
Beyond Bank Australia,Mutual / member-owned,Construction Loan,18,Accepted residency/legal status required,10% demo minimum; >80% LVR extra review,"$50,000-$2,000,000",Up to 30 years,Regular verifiable income required,Must pass serviceability assessment,Acceptable credit history; adverse events may require manual review
Beyond Bank Australia,Mutual / member-owned,Corporate Term Facility,Authorised corporate borrower,Corporate/legal status must be acceptable,Facility-specific collateral/leverage,"$500,000+ / negotiated",Negotiated,Audited financials and forecasts required,Debt service / covenant capacity assessed,Corporate credit assessment required
Beyond Bank Australia,Mutual / member-owned,Equipment / Asset Finance,18+ / authorised business applicant,Business/legal status must be acceptable,Contribution/security depends on facility,"$20,000-$5,000,000",Up to 15 years,Business cash flow and financials required,Business serviceability/cash-flow assessment required,Business credit assessment required
Beyond Bank Australia,Mutual / member-owned,First Home Buyer Loan,18,Accepted residency/legal status required,10% demo minimum; >80% LVR extra review,"$50,000-$2,000,000",Up to 30 years,Regular verifiable income required,Must pass serviceability assessment,Acceptable credit history; adverse events may require manual review
Beyond Bank Australia,Mutual / member-owned,Green / Sustainability Loan,18,Accepted residency/legal status required,No deposit if unsecured; security if applicable,"$5,000-$100,000",Up to 7 years,Regular verifiable income required,Must pass affordability assessment,Acceptable credit history; adverse events may require manual review
Beyond Bank Australia,Mutual / member-owned,Home Loan Refinance,18,Accepted residency/legal status required,10% demo minimum; >80% LVR extra review,"$50,000-$2,000,000",Up to 30 years,Regular verifiable income required,Must pass serviceability assessment,Acceptable credit history; adverse events may require manual review
Beyond Bank Australia,Mutual / member-owned,Investment Property Loan,18,Accepted residency/legal status required,10% demo minimum; >80% LVR extra review,"$50,000-$2,000,000",Up to 30 years,Regular verifiable income required,Must pass serviceability assessment,Acceptable credit history; adverse events may require manual review
Beyond Bank Australia,Mutual / member-owned,Owner-Occupied Home Loan,18,Accepted residency/legal status required,10% demo minimum; >80% LVR extra review,"$50,000-$2,000,000",Up to 30 years,Regular verifiable income required,Must pass serviceability assessment,Acceptable credit history; adverse events may require manual review
Beyond Bank Australia,Mutual / member-owned,Project Finance,Authorised corporate borrower,Corporate/legal status must be acceptable,Facility-specific collateral/leverage,"$500,000+ / negotiated",Negotiated,Audited financials and forecasts required,Debt service / covenant capacity assessed,Corporate credit assessment required
Beyond Bank Australia,Mutual / member-owned,Reverse Mortgage / Equity Release,18,Accepted residency/legal status required,10% demo minimum; >80% LVR extra review,"$50,000-$2,000,000",Up to 30 years,Regular verifiable income required,Must pass serviceability assessment,Acceptable credit history; adverse events may require manual review
Beyond Bank Australia,Mutual / member-owned,Revolving Credit Facility,Authorised corporate borrower,Corporate/legal status must be acceptable,Facility-specific collateral/leverage,"$500,000+ / negotiated",Negotiated,Audited financials and forecasts required,Debt service / covenant capacity assessed,Corporate credit assessment required
Beyond Bank Australia,Mutual / member-owned,Secured Personal Loan,18,Accepted residency/legal status required,No deposit if unsecured; security if applicable,"$5,000-$100,000",Up to 7 years,Regular verifiable income required,Must pass affordability assessment,Acceptable credit history; adverse events may require manual review
Beyond Bank Australia,Mutual / member-owned,SMSF / Self-Managed Super Property Loan,18,Accepted residency/legal status required,10% demo minimum; >80% LVR extra review,"$50,000-$2,000,000",Up to 30 years,Regular verifiable income required,Must pass serviceability assessment,Acceptable credit history; adverse events may require manual review
Beyond Bank Australia,Mutual / member-owned,Trade Finance,Authorised corporate borrower,Corporate/legal status must be acceptable,Facility-specific collateral/leverage,"$500,000+ / negotiated",Negotiated,Audited financials and forecasts required,Debt service / covenant capacity assessed,Corporate credit assessment required
Beyond Bank Australia,Mutual / member-owned,Unsecured Personal Loan,18,Accepted residency/legal status required,No deposit if unsecured; security if applicable,"$5,000-$100,000",Up to 7 years,Regular verifiable income required,Must pass affordability assessment,Acceptable credit history; adverse events may require manual review
Beyond Bank Australia,Mutual / member-owned,Vacant Land Loan,18,Accepted residency/legal status required,10% demo minimum; >80% LVR extra review,"$50,000-$2,000,000",Up to 30 years,Regular verifiable income required,Must pass serviceability assessment,Acceptable credit history; adverse events may require manual review
Beyond Bank Australia,Mutual / member-owned,Working Capital Loan,18+ / authorised business applicant,Business/legal status must be acceptable,Contribution/security depends on facility,"$20,000-$5,000,000",Up to 15 years,Business cash flow and financials required,Business serviceability/cash-flow assessment required,Business credit assessment required
Heritage / People's Choice,Mutual / member-owned,Agribusiness / Farm Loan,18+ / authorised business applicant,Business/legal status must be acceptable,Contribution/security depends on facility,"$20,000-$5,000,000",Up to 15 years,Business cash flow and financials required,Business serviceability/cash-flow assessment required,Business credit assessment required
Heritage / People's Choice,Mutual / member-owned,Bridging Loan,18,Accepted residency/legal status required,10% demo minimum; >80% LVR extra review,"$50,000-$2,000,000",Up to 30 years,Regular verifiable income required,Must pass serviceability assessment,Acceptable credit history; adverse events may require manual review
Heritage / People's Choice,Mutual / member-owned,Business Overdraft / Line of Credit,18+ / authorised business applicant,Business/legal status must be acceptable,Contribution/security depends on facility,"$20,000-$5,000,000",Up to 15 years,Business cash flow and financials required,Business serviceability/cash-flow assessment required,Business credit assessment required
Heritage / People's Choice,Mutual / member-owned,Business Term Loan,18+ / authorised business applicant,Business/legal status must be acceptable,Contribution/security depends on facility,"$20,000-$5,000,000",Up to 15 years,Business cash flow and financials required,Business serviceability/cash-flow assessment required,Business credit assessment required
Heritage / People's Choice,Mutual / member-owned,Car / Vehicle Loan,18,Accepted residency/legal status required,No deposit if unsecured; security if applicable,"$5,000-$100,000",Up to 7 years,Regular verifiable income required,Must pass affordability assessment,Acceptable credit history; adverse events may require manual review
Heritage / People's Choice,Mutual / member-owned,Commercial Property Loan,18+ / authorised business applicant,Business/legal status must be acceptable,Contribution/security depends on facility,"$20,000-$5,000,000",Up to 15 years,Business cash flow and financials required,Business serviceability/cash-flow assessment required,Business credit assessment required
Heritage / People's Choice,Mutual / member-owned,Commercial Real Estate Finance,Authorised corporate borrower,Corporate/legal status must be acceptable,Facility-specific collateral/leverage,"$500,000+ / negotiated",Negotiated,Audited financials and forecasts required,Debt service / covenant capacity assessed,Corporate credit assessment required
Heritage / People's Choice,Mutual / member-owned,Construction Loan,18,Accepted residency/legal status required,10% demo minimum; >80% LVR extra review,"$50,000-$2,000,000",Up to 30 years,Regular verifiable income required,Must pass serviceability assessment,Acceptable credit history; adverse events may require manual review
Heritage / People's Choice,Mutual / member-owned,Corporate Term Facility,Authorised corporate borrower,Corporate/legal status must be acceptable,Facility-specific collateral/leverage,"$500,000+ / negotiated",Negotiated,Audited financials and forecasts required,Debt service / covenant capacity assessed,Corporate credit assessment required
Heritage / People's Choice,Mutual / member-owned,Equipment / Asset Finance,18+ / authorised business applicant,Business/legal status must be acceptable,Contribution/security depends on facility,"$20,000-$5,000,000",Up to 15 years,Business cash flow and financials required,Business serviceability/cash-flow assessment required,Business credit assessment required
Heritage / People's Choice,Mutual / member-owned,First Home Buyer Loan,18,Accepted residency/legal status required,10% demo minimum; >80% LVR extra review,"$50,000-$2,000,000",Up to 30 years,Regular verifiable income required,Must pass serviceability assessment,Acceptable credit history; adverse events may require manual review
Heritage / People's Choice,Mutual / member-owned,Green / Sustainability Loan,18,Accepted residency/legal status required,No deposit if unsecured; security if applicable,"$5,000-$100,000",Up to 7 years,Regular verifiable income required,Must pass affordability assessment,Acceptable credit history; adverse events may require manual review
Heritage / People's Choice,Mutual / member-owned,Home Loan Refinance,18,Accepted residency/legal status required,10% demo minimum; >80% LVR extra review,"$50,000-$2,000,000",Up to 30 years,Regular verifiable income required,Must pass serviceability assessment,Acceptable credit history; adverse events may require manual review
Heritage / People's Choice,Mutual / member-owned,Investment Property Loan,18,Accepted residency/legal status required,10% demo minimum; >80% LVR extra review,"$50,000-$2,000,000",Up to 30 years,Regular verifiable income required,Must pass serviceability assessment,Acceptable credit history; adverse events may require manual review
Heritage / People's Choice,Mutual / member-owned,Owner-Occupied Home Loan,18,Accepted residency/legal status required,10% demo minimum; >80% LVR extra review,"$50,000-$2,000,000",Up to 30 years,Regular verifiable income required,Must pass serviceability assessment,Acceptable credit history; adverse events may require manual review
Heritage / People's Choice,Mutual / member-owned,Project Finance,Authorised corporate borrower,Corporate/legal status must be acceptable,Facility-specific collateral/leverage,"$500,000+ / negotiated",Negotiated,Audited financials and forecasts required,Debt service / covenant capacity assessed,Corporate credit assessment required
Heritage / People's Choice,Mutual / member-owned,Reverse Mortgage / Equity Release,18,Accepted residency/legal status required,10% demo minimum; >80% LVR extra review,"$50,000-$2,000,000",Up to 30 years,Regular verifiable income required,Must pass serviceability assessment,Acceptable credit history; adverse events may require manual review
Heritage / People's Choice,Mutual / member-owned,Revolving Credit Facility,Authorised corporate borrower,Corporate/legal status must be acceptable,Facility-specific collateral/leverage,"$500,000+ / negotiated",Negotiated,Audited financials and forecasts required,Debt service / covenant capacity assessed,Corporate credit assessment required
Heritage / People's Choice,Mutual / member-owned,Secured Personal Loan,18,Accepted residency/legal status required,No deposit if unsecured; security if applicable,"$5,000-$100,000",Up to 7 years,Regular verifiable income required,Must pass affordability assessment,Acceptable credit history; adverse events may require manual review
Heritage / People's Choice,Mutual / member-owned,SMSF / Self-Managed Super Property Loan,18,Accepted residency/legal status required,10% demo minimum; >80% LVR extra review,"$50,000-$2,000,000",Up to 30 years,Regular verifiable income required,Must pass serviceability assessment,Acceptable credit history; adverse events may require manual review
Heritage / People's Choice,Mutual / member-owned,Trade Finance,Authorised corporate borrower,Corporate/legal status must be acceptable,Facility-specific collateral/leverage,"$500,000+ / negotiated",Negotiated,Audited financials and forecasts required,Debt service / covenant capacity assessed,Corporate credit assessment required
Heritage / People's Choice,Mutual / member-owned,Unsecured Personal Loan,18,Accepted residency/legal status required,No deposit if unsecured; security if applicable,"$5,000-$100,000",Up to 7 years,Regular verifiable income required,Must pass affordability assessment,Acceptable credit history; adverse events may require manual review
Heritage / People's Choice,Mutual / member-owned,Vacant Land Loan,18,Accepted residency/legal status required,10% demo minimum; >80% LVR extra review,"$50,000-$2,000,000",Up to 30 years,Regular verifiable income required,Must pass serviceability assessment,Acceptable credit history; adverse events may require manual review
Heritage / People's Choice,Mutual / member-owned,Working Capital Loan,18+ / authorised business applicant,Business/legal status must be acceptable,Contribution/security depends on facility,"$20,000-$5,000,000",Up to 15 years,Business cash flow and financials required,Business serviceability/cash-flow assessment required,Business credit assessment required
Teachers Mutual Bank,Mutual / member-owned,Agribusiness / Farm Loan,18+ / authorised business applicant,Business/legal status must be acceptable,Contribution/security depends on facility,"$20,000-$5,000,000",Up to 15 years,Business cash flow and financials required,Business serviceability/cash-flow assessment required,Business credit assessment required
Teachers Mutual Bank,Mutual / member-owned,Bridging Loan,18,Accepted residency/legal status required,10% demo minimum; >80% LVR extra review,"$50,000-$2,000,000",Up to 30 years,Regular verifiable income required,Must pass serviceability assessment,Acceptable credit history; adverse events may require manual review
Teachers Mutual Bank,Mutual / member-owned,Business Overdraft / Line of Credit,18+ / authorised business applicant,Business/legal status must be acceptable,Contribution/security depends on facility,"$20,000-$5,000,000",Up to 15 years,Business cash flow and financials required,Business serviceability/cash-flow assessment required,Business credit assessment required
Teachers Mutual Bank,Mutual / member-owned,Business Term Loan,18+ / authorised business applicant,Business/legal status must be acceptable,Contribution/security depends on facility,"$20,000-$5,000,000",Up to 15 years,Business cash flow and financials required,Business serviceability/cash-flow assessment required,Business credit assessment required
Teachers Mutual Bank,Mutual / member-owned,Car / Vehicle Loan,18,Accepted residency/legal status required,No deposit if unsecured; security if applicable,"$5,000-$100,000",Up to 7 years,Regular verifiable income required,Must pass affordability assessment,Acceptable credit history; adverse events may require manual review
Teachers Mutual Bank,Mutual / member-owned,Commercial Property Loan,18+ / authorised business applicant,Business/legal status must be acceptable,Contribution/security depends on facility,"$20,000-$5,000,000",Up to 15 years,Business cash flow and financials required,Business serviceability/cash-flow assessment required,Business credit assessment required
Teachers Mutual Bank,Mutual / member-owned,Commercial Real Estate Finance,Authorised corporate borrower,Corporate/legal status must be acceptable,Facility-specific collateral/leverage,"$500,000+ / negotiated",Negotiated,Audited financials and forecasts required,Debt service / covenant capacity assessed,Corporate credit assessment required
Teachers Mutual Bank,Mutual / member-owned,Construction Loan,18,Accepted residency/legal status required,10% demo minimum; >80% LVR extra review,"$50,000-$2,000,000",Up to 30 years,Regular verifiable income required,Must pass serviceability assessment,Acceptable credit history; adverse events may require manual review
Teachers Mutual Bank,Mutual / member-owned,Corporate Term Facility,Authorised corporate borrower,Corporate/legal status must be acceptable,Facility-specific collateral/leverage,"$500,000+ / negotiated",Negotiated,Audited financials and forecasts required,Debt service / covenant capacity assessed,Corporate credit assessment required
Teachers Mutual Bank,Mutual / member-owned,Equipment / Asset Finance,18+ / authorised business applicant,Business/legal status must be acceptable,Contribution/security depends on facility,"$20,000-$5,000,000",Up to 15 years,Business cash flow and financials required,Business serviceability/cash-flow assessment required,Business credit assessment required
Teachers Mutual Bank,Mutual / member-owned,First Home Buyer Loan,18,Accepted residency/legal status required,10% demo minimum; >80% LVR extra review,"$50,000-$2,000,000",Up to 30 years,Regular verifiable income required,Must pass serviceability assessment,Acceptable credit history; adverse events may require manual review
Teachers Mutual Bank,Mutual / member-owned,Green / Sustainability Loan,18,Accepted residency/legal status required,No deposit if unsecured; security if applicable,"$5,000-$100,000",Up to 7 years,Regular verifiable income required,Must pass affordability assessment,Acceptable credit history; adverse events may require manual review
Teachers Mutual Bank,Mutual / member-owned,Home Loan Refinance,18,Accepted residency/legal status required,10% demo minimum; >80% LVR extra review,"$50,000-$2,000,000",Up to 30 years,Regular verifiable income required,Must pass serviceability assessment,Acceptable credit history; adverse events may require manual review
Teachers Mutual Bank,Mutual / member-owned,Investment Property Loan,18,Accepted residency/legal status required,10% demo minimum; >80% LVR extra review,"$50,000-$2,000,000",Up to 30 years,Regular verifiable income required,Must pass serviceability assessment,Acceptable credit history; adverse events may require manual review
Teachers Mutual Bank,Mutual / member-owned,Owner-Occupied Home Loan,18,Accepted residency/legal status required,10% demo minimum; >80% LVR extra review,"$50,000-$2,000,000",Up to 30 years,Regular verifiable income required,Must pass serviceability assessment,Acceptable credit history; adverse events may require manual review
Teachers Mutual Bank,Mutual / member-owned,Project Finance,Authorised corporate borrower,Corporate/legal status must be acceptable,Facility-specific collateral/leverage,"$500,000+ / negotiated",Negotiated,Audited financials and forecasts required,Debt service / covenant capacity assessed,Corporate credit assessment required
Teachers Mutual Bank,Mutual / member-owned,Reverse Mortgage / Equity Release,18,Accepted residency/legal status required,10% demo minimum; >80% LVR extra review,"$50,000-$2,000,000",Up to 30 years,Regular verifiable income required,Must pass serviceability assessment,Acceptable credit history; adverse events may require manual review
Teachers Mutual Bank,Mutual / member-owned,Revolving Credit Facility,Authorised corporate borrower,Corporate/legal status must be acceptable,Facility-specific collateral/leverage,"$500,000+ / negotiated",Negotiated,Audited financials and forecasts required,Debt service / covenant capacity assessed,Corporate credit assessment required
Teachers Mutual Bank,Mutual / member-owned,Secured Personal Loan,18,Accepted residency/legal status required,No deposit if unsecured; security if applicable,"$5,000-$100,000",Up to 7 years,Regular verifiable income required,Must pass affordability assessment,Acceptable credit history; adverse events may require manual review
Teachers Mutual Bank,Mutual / member-owned,SMSF / Self-Managed Super Property Loan,18,Accepted residency/legal status required,10% demo minimum; >80% LVR extra review,"$50,000-$2,000,000",Up to 30 years,Regular verifiable income required,Must pass serviceability assessment,Acceptable credit history; adverse events may require manual review
Teachers Mutual Bank,Mutual / member-owned,Trade Finance,Authorised corporate borrower,Corporate/legal status must be acceptable,Facility-specific collateral/leverage,"$500,000+ / negotiated",Negotiated,Audited financials and forecasts required,Debt service / covenant capacity assessed,Corporate credit assessment required
Teachers Mutual Bank,Mutual / member-owned,Unsecured Personal Loan,18,Accepted residency/legal status required,No deposit if unsecured; security if applicable,"$5,000-$100,000",Up to 7 years,Regular verifiable income required,Must pass affordability assessment,Acceptable credit history; adverse events may require manual review
Teachers Mutual Bank,Mutual / member-owned,Vacant Land Loan,18,Accepted residency/legal status required,10% demo minimum; >80% LVR extra review,"$50,000-$2,000,000",Up to 30 years,Regular verifiable income required,Must pass serviceability assessment,Acceptable credit history; adverse events may require manual review
Teachers Mutual Bank,Mutual / member-owned,Working Capital Loan,18+ / authorised business applicant,Business/legal status must be acceptable,Contribution/security depends on facility,"$20,000-$5,000,000",Up to 15 years,Business cash flow and financials required,Business serviceability/cash-flow assessment required,Business credit assessment required
Australian Military Bank,Mutual / member-owned,Agribusiness / Farm Loan,18+ / authorised business applicant,Business/legal status must be acceptable,Contribution/security depends on facility,"$20,000-$5,000,000",Up to 15 years,Business cash flow and financials required,Business serviceability/cash-flow assessment required,Business credit assessment required
Australian Military Bank,Mutual / member-owned,Bridging Loan,18,Accepted residency/legal status required,10% demo minimum; >80% LVR extra review,"$50,000-$2,000,000",Up to 30 years,Regular verifiable income required,Must pass serviceability assessment,Acceptable credit history; adverse events may require manual review
Australian Military Bank,Mutual / member-owned,Business Overdraft / Line of Credit,18+ / authorised business applicant,Business/legal status must be acceptable,Contribution/security depends on facility,"$20,000-$5,000,000",Up to 15 years,Business cash flow and financials required,Business serviceability/cash-flow assessment required,Business credit assessment required
Australian Military Bank,Mutual / member-owned,Business Term Loan,18+ / authorised business applicant,Business/legal status must be acceptable,Contribution/security depends on facility,"$20,000-$5,000,000",Up to 15 years,Business cash flow and financials required,Business serviceability/cash-flow assessment required,Business credit assessment required
Australian Military Bank,Mutual / member-owned,Car / Vehicle Loan,18,Accepted residency/legal status required,No deposit if unsecured; security if applicable,"$5,000-$100,000",Up to 7 years,Regular verifiable income required,Must pass affordability assessment,Acceptable credit history; adverse events may require manual review
Australian Military Bank,Mutual / member-owned,Commercial Property Loan,18+ / authorised business applicant,Business/legal status must be acceptable,Contribution/security depends on facility,"$20,000-$5,000,000",Up to 15 years,Business cash flow and financials required,Business serviceability/cash-flow assessment required,Business credit assessment required
Australian Military Bank,Mutual / member-owned,Commercial Real Estate Finance,Authorised corporate borrower,Corporate/legal status must be acceptable,Facility-specific collateral/leverage,"$500,000+ / negotiated",Negotiated,Audited financials and forecasts required,Debt service / covenant capacity assessed,Corporate credit assessment required
Australian Military Bank,Mutual / member-owned,Construction Loan,18,Accepted residency/legal status required,10% demo minimum; >80% LVR extra review,"$50,000-$2,000,000",Up to 30 years,Regular verifiable income required,Must pass serviceability assessment,Acceptable credit history; adverse events may require manual review
Australian Military Bank,Mutual / member-owned,Corporate Term Facility,Authorised corporate borrower,Corporate/legal status must be acceptable,Facility-specific collateral/leverage,"$500,000+ / negotiated",Negotiated,Audited financials and forecasts required,Debt service / covenant capacity assessed,Corporate credit assessment required
Australian Military Bank,Mutual / member-owned,Equipment / Asset Finance,18+ / authorised business applicant,Business/legal status must be acceptable,Contribution/security depends on facility,"$20,000-$5,000,000",Up to 15 years,Business cash flow and financials required,Business serviceability/cash-flow assessment required,Business credit assessment required
Australian Military Bank,Mutual / member-owned,First Home Buyer Loan,18,Accepted residency/legal status required,10% demo minimum; >80% LVR extra review,"$50,000-$2,000,000",Up to 30 years,Regular verifiable income required,Must pass serviceability assessment,Acceptable credit history; adverse events may require manual review
Australian Military Bank,Mutual / member-owned,Green / Sustainability Loan,18,Accepted residency/legal status required,No deposit if unsecured; security if applicable,"$5,000-$100,000",Up to 7 years,Regular verifiable income required,Must pass affordability assessment,Acceptable credit history; adverse events may require manual review
Australian Military Bank,Mutual / member-owned,Home Loan Refinance,18,Accepted residency/legal status required,10% demo minimum; >80% LVR extra review,"$50,000-$2,000,000",Up to 30 years,Regular verifiable income required,Must pass serviceability assessment,Acceptable credit history; adverse events may require manual review
Australian Military Bank,Mutual / member-owned,Investment Property Loan,18,Accepted residency/legal status required,10% demo minimum; >80% LVR extra review,"$50,000-$2,000,000",Up to 30 years,Regular verifiable income required,Must pass serviceability assessment,Acceptable credit history; adverse events may require manual review
Australian Military Bank,Mutual / member-owned,Owner-Occupied Home Loan,18,Accepted residency/legal status required,10% demo minimum; >80% LVR extra review,"$50,000-$2,000,000",Up to 30 years,Regular verifiable income required,Must pass serviceability assessment,Acceptable credit history; adverse events may require manual review
Australian Military Bank,Mutual / member-owned,Project Finance,Authorised corporate borrower,Corporate/legal status must be acceptable,Facility-specific collateral/leverage,"$500,000+ / negotiated",Negotiated,Audited financials and forecasts required,Debt service / covenant capacity assessed,Corporate credit assessment required
Australian Military Bank,Mutual / member-owned,Reverse Mortgage / Equity Release,18,Accepted residency/legal status required,10% demo minimum; >80% LVR extra review,"$50,000-$2,000,000",Up to 30 years,Regular verifiable income required,Must pass serviceability assessment,Acceptable credit history; adverse events may require manual review
Australian Military Bank,Mutual / member-owned,Revolving Credit Facility,Authorised corporate borrower,Corporate/legal status must be acceptable,Facility-specific collateral/leverage,"$500,000+ / negotiated",Negotiated,Audited financials and forecasts required,Debt service / covenant capacity assessed,Corporate credit assessment required
Australian Military Bank,Mutual / member-owned,Secured Personal Loan,18,Accepted residency/legal status required,No deposit if unsecured; security if applicable,"$5,000-$100,000",Up to 7 years,Regular verifiable income required,Must pass affordability assessment,Acceptable credit history; adverse events may require manual review
Australian Military Bank,Mutual / member-owned,SMSF / Self-Managed Super Property Loan,18,Accepted residency/legal status required,10% demo minimum; >80% LVR extra review,"$50,000-$2,000,000",Up to 30 years,Regular verifiable income required,Must pass serviceability assessment,Acceptable credit history; adverse events may require manual review
Australian Military Bank,Mutual / member-owned,Trade Finance,Authorised corporate borrower,Corporate/legal status must be acceptable,Facility-specific collateral/leverage,"$500,000+ / negotiated",Negotiated,Audited financials and forecasts required,Debt service / covenant capacity assessed,Corporate credit assessment required
Australian Military Bank,Mutual / member-owned,Unsecured Personal Loan,18,Accepted residency/legal status required,No deposit if unsecured; security if applicable,"$5,000-$100,000",Up to 7 years,Regular verifiable income required,Must pass affordability assessment,Acceptable credit history; adverse events may require manual review
Australian Military Bank,Mutual / member-owned,Vacant Land Loan,18,Accepted residency/legal status required,10% demo minimum; >80% LVR extra review,"$50,000-$2,000,000",Up to 30 years,Regular verifiable income required,Must pass serviceability assessment,Acceptable credit history; adverse events may require manual review
Australian Military Bank,Mutual / member-owned,Working Capital Loan,18+ / authorised business applicant,Business/legal status must be acceptable,Contribution/security depends on facility,"$20,000-$5,000,000",Up to 15 years,Business cash flow and financials required,Business serviceability/cash-flow assessment required,Business credit assessment required
Defence Bank,Mutual / member-owned,Agribusiness / Farm Loan,18+ / authorised business applicant,Business/legal status must be acceptable,Contribution/security depends on facility,"$20,000-$5,000,000",Up to 15 years,Business cash flow and financials required,Business serviceability/cash-flow assessment required,Business credit assessment required
Defence Bank,Mutual / member-owned,Bridging Loan,18,Accepted residency/legal status required,10% demo minimum; >80% LVR extra review,"$50,000-$2,000,000",Up to 30 years,Regular verifiable income required,Must pass serviceability assessment,Acceptable credit history; adverse events may require manual review
Defence Bank,Mutual / member-owned,Business Overdraft / Line of Credit,18+ / authorised business applicant,Business/legal status must be acceptable,Contribution/security depends on facility,"$20,000-$5,000,000",Up to 15 years,Business cash flow and financials required,Business serviceability/cash-flow assessment required,Business credit assessment required
Defence Bank,Mutual / member-owned,Business Term Loan,18+ / authorised business applicant,Business/legal status must be acceptable,Contribution/security depends on facility,"$20,000-$5,000,000",Up to 15 years,Business cash flow and financials required,Business serviceability/cash-flow assessment required,Business credit assessment required
Defence Bank,Mutual / member-owned,Car / Vehicle Loan,18,Accepted residency/legal status required,No deposit if unsecured; security if applicable,"$5,000-$100,000",Up to 7 years,Regular verifiable income required,Must pass affordability assessment,Acceptable credit history; adverse events may require manual review
Defence Bank,Mutual / member-owned,Commercial Property Loan,18+ / authorised business applicant,Business/legal status must be acceptable,Contribution/security depends on facility,"$20,000-$5,000,000",Up to 15 years,Business cash flow and financials required,Business serviceability/cash-flow assessment required,Business credit assessment required
Defence Bank,Mutual / member-owned,Commercial Real Estate Finance,Authorised corporate borrower,Corporate/legal status must be acceptable,Facility-specific collateral/leverage,"$500,000+ / negotiated",Negotiated,Audited financials and forecasts required,Debt service / covenant capacity assessed,Corporate credit assessment required
Defence Bank,Mutual / member-owned,Construction Loan,18,Accepted residency/legal status required,10% demo minimum; >80% LVR extra review,"$50,000-$2,000,000",Up to 30 years,Regular verifiable income required,Must pass serviceability assessment,Acceptable credit history; adverse events may require manual review
Defence Bank,Mutual / member-owned,Corporate Term Facility,Authorised corporate borrower,Corporate/legal status must be acceptable,Facility-specific collateral/leverage,"$500,000+ / negotiated",Negotiated,Audited financials and forecasts required,Debt service / covenant capacity assessed,Corporate credit assessment required
Defence Bank,Mutual / member-owned,Equipment / Asset Finance,18+ / authorised business applicant,Business/legal status must be acceptable,Contribution/security depends on facility,"$20,000-$5,000,000",Up to 15 years,Business cash flow and financials required,Business serviceability/cash-flow assessment required,Business credit assessment required
Defence Bank,Mutual / member-owned,First Home Buyer Loan,18,Accepted residency/legal status required,10% demo minimum; >80% LVR extra review,"$50,000-$2,000,000",Up to 30 years,Regular verifiable income required,Must pass serviceability assessment,Acceptable credit history; adverse events may require manual review
Defence Bank,Mutual / member-owned,Green / Sustainability Loan,18,Accepted residency/legal status required,No deposit if unsecured; security if applicable,"$5,000-$100,000",Up to 7 years,Regular verifiable income required,Must pass affordability assessment,Acceptable credit history; adverse events may require manual review
Defence Bank,Mutual / member-owned,Home Loan Refinance,18,Accepted residency/legal status required,10% demo minimum; >80% LVR extra review,"$50,000-$2,000,000",Up to 30 years,Regular verifiable income required,Must pass serviceability assessment,Acceptable credit history; adverse events may require manual review
Defence Bank,Mutual / member-owned,Investment Property Loan,18,Accepted residency/legal status required,10% demo minimum; >80% LVR extra review,"$50,000-$2,000,000",Up to 30 years,Regular verifiable income required,Must pass serviceability assessment,Acceptable credit history; adverse events may require manual review
Defence Bank,Mutual / member-owned,Owner-Occupied Home Loan,18,Accepted residency/legal status required,10% demo minimum; >80% LVR extra review,"$50,000-$2,000,000",Up to 30 years,Regular verifiable income required,Must pass serviceability assessment,Acceptable credit history; adverse events may require manual review
Defence Bank,Mutual / member-owned,Project Finance,Authorised corporate borrower,Corporate/legal status must be acceptable,Facility-specific collateral/leverage,"$500,000+ / negotiated",Negotiated,Audited financials and forecasts required,Debt service / covenant capacity assessed,Corporate credit assessment required
Defence Bank,Mutual / member-owned,Reverse Mortgage / Equity Release,18,Accepted residency/legal status required,10% demo minimum; >80% LVR extra review,"$50,000-$2,000,000",Up to 30 years,Regular verifiable income required,Must pass serviceability assessment,Acceptable credit history; adverse events may require manual review
Defence Bank,Mutual / member-owned,Revolving Credit Facility,Authorised corporate borrower,Corporate/legal status must be acceptable,Facility-specific collateral/leverage,"$500,000+ / negotiated",Negotiated,Audited financials and forecasts required,Debt service / covenant capacity assessed,Corporate credit assessment required
Defence Bank,Mutual / member-owned,Secured Personal Loan,18,Accepted residency/legal status required,No deposit if unsecured; security if applicable,"$5,000-$100,000",Up to 7 years,Regular verifiable income required,Must pass affordability assessment,Acceptable credit history; adverse events may require manual review
Defence Bank,Mutual / member-owned,SMSF / Self-Managed Super Property Loan,18,Accepted residency/legal status required,10% demo minimum; >80% LVR extra review,"$50,000-$2,000,000",Up to 30 years,Regular verifiable income required,Must pass serviceability assessment,Acceptable credit history; adverse events may require manual review
Defence Bank,Mutual / member-owned,Trade Finance,Authorised corporate borrower,Corporate/legal status must be acceptable,Facility-specific collateral/leverage,"$500,000+ / negotiated",Negotiated,Audited financials and forecasts required,Debt service / covenant capacity assessed,Corporate credit assessment required
Defence Bank,Mutual / member-owned,Unsecured Personal Loan,18,Accepted residency/legal status required,No deposit if unsecured; security if applicable,"$5,000-$100,000",Up to 7 years,Regular verifiable income required,Must pass affordability assessment,Acceptable credit history; adverse events may require manual review
Defence Bank,Mutual / member-owned,Vacant Land Loan,18,Accepted residency/legal status required,10% demo minimum; >80% LVR extra review,"$50,000-$2,000,000",Up to 30 years,Regular verifiable income required,Must pass serviceability assessment,Acceptable credit history; adverse events may require manual review
Defence Bank,Mutual / member-owned,Working Capital Loan,18+ / authorised business applicant,Business/legal status must be acceptable,Contribution/security depends on facility,"$20,000-$5,000,000",Up to 15 years,Business cash flow and financials required,Business serviceability/cash-flow assessment required,Business credit assessment required
P&N Bank / BCU Bank,Mutual / member-owned,Agribusiness / Farm Loan,18+ / authorised business applicant,Business/legal status must be acceptable,Contribution/security depends on facility,"$20,000-$5,000,000",Up to 15 years,Business cash flow and financials required,Business serviceability/cash-flow assessment required,Business credit assessment required
P&N Bank / BCU Bank,Mutual / member-owned,Bridging Loan,18,Accepted residency/legal status required,10% demo minimum; >80% LVR extra review,"$50,000-$2,000,000",Up to 30 years,Regular verifiable income required,Must pass serviceability assessment,Acceptable credit history; adverse events may require manual review
P&N Bank / BCU Bank,Mutual / member-owned,Business Overdraft / Line of Credit,18+ / authorised business applicant,Business/legal status must be acceptable,Contribution/security depends on facility,"$20,000-$5,000,000",Up to 15 years,Business cash flow and financials required,Business serviceability/cash-flow assessment required,Business credit assessment required
P&N Bank / BCU Bank,Mutual / member-owned,Business Term Loan,18+ / authorised business applicant,Business/legal status must be acceptable,Contribution/security depends on facility,"$20,000-$5,000,000",Up to 15 years,Business cash flow and financials required,Business serviceability/cash-flow assessment required,Business credit assessment required
P&N Bank / BCU Bank,Mutual / member-owned,Car / Vehicle Loan,18,Accepted residency/legal status required,No deposit if unsecured; security if applicable,"$5,000-$100,000",Up to 7 years,Regular verifiable income required,Must pass affordability assessment,Acceptable credit history; adverse events may require manual review
P&N Bank / BCU Bank,Mutual / member-owned,Commercial Property Loan,18+ / authorised business applicant,Business/legal status must be acceptable,Contribution/security depends on facility,"$20,000-$5,000,000",Up to 15 years,Business cash flow and financials required,Business serviceability/cash-flow assessment required,Business credit assessment required
P&N Bank / BCU Bank,Mutual / member-owned,Commercial Real Estate Finance,Authorised corporate borrower,Corporate/legal status must be acceptable,Facility-specific collateral/leverage,"$500,000+ / negotiated",Negotiated,Audited financials and forecasts required,Debt service / covenant capacity assessed,Corporate credit assessment required
P&N Bank / BCU Bank,Mutual / member-owned,Construction Loan,18,Accepted residency/legal status required,10% demo minimum; >80% LVR extra review,"$50,000-$2,000,000",Up to 30 years,Regular verifiable income required,Must pass serviceability assessment,Acceptable credit history; adverse events may require manual review
P&N Bank / BCU Bank,Mutual / member-owned,Corporate Term Facility,Authorised corporate borrower,Corporate/legal status must be acceptable,Facility-specific collateral/leverage,"$500,000+ / negotiated",Negotiated,Audited financials and forecasts required,Debt service / covenant capacity assessed,Corporate credit assessment required
P&N Bank / BCU Bank,Mutual / member-owned,Equipment / Asset Finance,18+ / authorised business applicant,Business/legal status must be acceptable,Contribution/security depends on facility,"$20,000-$5,000,000",Up to 15 years,Business cash flow and financials required,Business serviceability/cash-flow assessment required,Business credit assessment required
P&N Bank / BCU Bank,Mutual / member-owned,First Home Buyer Loan,18,Accepted residency/legal status required,10% demo minimum; >80% LVR extra review,"$50,000-$2,000,000",Up to 30 years,Regular verifiable income required,Must pass serviceability assessment,Acceptable credit history; adverse events may require manual review
P&N Bank / BCU Bank,Mutual / member-owned,Green / Sustainability Loan,18,Accepted residency/legal status required,No deposit if unsecured; security if applicable,"$5,000-$100,000",Up to 7 years,Regular verifiable income required,Must pass affordability assessment,Acceptable credit history; adverse events may require manual review
P&N Bank / BCU Bank,Mutual / member-owned,Home Loan Refinance,18,Accepted residency/legal status required,10% demo minimum; >80% LVR extra review,"$50,000-$2,000,000",Up to 30 years,Regular verifiable income required,Must pass serviceability assessment,Acceptable credit history; adverse events may require manual review
P&N Bank / BCU Bank,Mutual / member-owned,Investment Property Loan,18,Accepted residency/legal status required,10% demo minimum; >80% LVR extra review,"$50,000-$2,000,000",Up to 30 years,Regular verifiable income required,Must pass serviceability assessment,Acceptable credit history; adverse events may require manual review
P&N Bank / BCU Bank,Mutual / member-owned,Owner-Occupied Home Loan,18,Accepted residency/legal status required,10% demo minimum; >80% LVR extra review,"$50,000-$2,000,000",Up to 30 years,Regular verifiable income required,Must pass serviceability assessment,Acceptable credit history; adverse events may require manual review
P&N Bank / BCU Bank,Mutual / member-owned,Project Finance,Authorised corporate borrower,Corporate/legal status must be acceptable,Facility-specific collateral/leverage,"$500,000+ / negotiated",Negotiated,Audited financials and forecasts required,Debt service / covenant capacity assessed,Corporate credit assessment required
P&N Bank / BCU Bank,Mutual / member-owned,Reverse Mortgage / Equity Release,18,Accepted residency/legal status required,10% demo minimum; >80% LVR extra review,"$50,000-$2,000,000",Up to 30 years,Regular verifiable income required,Must pass serviceability assessment,Acceptable credit history; adverse events may require manual review
P&N Bank / BCU Bank,Mutual / member-owned,Revolving Credit Facility,Authorised corporate borrower,Corporate/legal status must be acceptable,Facility-specific collateral/leverage,"$500,000+ / negotiated",Negotiated,Audited financials and forecasts required,Debt service / covenant capacity assessed,Corporate credit assessment required
P&N Bank / BCU Bank,Mutual / member-owned,Secured Personal Loan,18,Accepted residency/legal status required,No deposit if unsecured; security if applicable,"$5,000-$100,000",Up to 7 years,Regular verifiable income required,Must pass affordability assessment,Acceptable credit history; adverse events may require manual review
P&N Bank / BCU Bank,Mutual / member-owned,SMSF / Self-Managed Super Property Loan,18,Accepted residency/legal status required,10% demo minimum; >80% LVR extra review,"$50,000-$2,000,000",Up to 30 years,Regular verifiable income required,Must pass serviceability assessment,Acceptable credit history; adverse events may require manual review
P&N Bank / BCU Bank,Mutual / member-owned,Trade Finance,Authorised corporate borrower,Corporate/legal status must be acceptable,Facility-specific collateral/leverage,"$500,000+ / negotiated",Negotiated,Audited financials and forecasts required,Debt service / covenant capacity assessed,Corporate credit assessment required
P&N Bank / BCU Bank,Mutual / member-owned,Unsecured Personal Loan,18,Accepted residency/legal status required,No deposit if unsecured; security if applicable,"$5,000-$100,000",Up to 7 years,Regular verifiable income required,Must pass affordability assessment,Acceptable credit history; adverse events may require manual review
P&N Bank / BCU Bank,Mutual / member-owned,Vacant Land Loan,18,Accepted residency/legal status required,10% demo minimum; >80% LVR extra review,"$50,000-$2,000,000",Up to 30 years,Regular verifiable income required,Must pass serviceability assessment,Acceptable credit history; adverse events may require manual review
P&N Bank / BCU Bank,Mutual / member-owned,Working Capital Loan,18+ / authorised business applicant,Business/legal status must be acceptable,Contribution/security depends on facility,"$20,000-$5,000,000",Up to 15 years,Business cash flow and financials required,Business serviceability/cash-flow assessment required,Business credit assessment required
BankVic,Mutual / member-owned,Agribusiness / Farm Loan,18+ / authorised business applicant,Business/legal status must be acceptable,Contribution/security depends on facility,"$20,000-$5,000,000",Up to 15 years,Business cash flow and financials required,Business serviceability/cash-flow assessment required,Business credit assessment required
BankVic,Mutual / member-owned,Bridging Loan,18,Accepted residency/legal status required,10% demo minimum; >80% LVR extra review,"$50,000-$2,000,000",Up to 30 years,Regular verifiable income required,Must pass serviceability assessment,Acceptable credit history; adverse events may require manual review
BankVic,Mutual / member-owned,Business Overdraft / Line of Credit,18+ / authorised business applicant,Business/legal status must be acceptable,Contribution/security depends on facility,"$20,000-$5,000,000",Up to 15 years,Business cash flow and financials required,Business serviceability/cash-flow assessment required,Business credit assessment required
BankVic,Mutual / member-owned,Business Term Loan,18+ / authorised business applicant,Business/legal status must be acceptable,Contribution/security depends on facility,"$20,000-$5,000,000",Up to 15 years,Business cash flow and financials required,Business serviceability/cash-flow assessment required,Business credit assessment required
BankVic,Mutual / member-owned,Car / Vehicle Loan,18,Accepted residency/legal status required,No deposit if unsecured; security if applicable,"$5,000-$100,000",Up to 7 years,Regular verifiable income required,Must pass affordability assessment,Acceptable credit history; adverse events may require manual review
BankVic,Mutual / member-owned,Commercial Property Loan,18+ / authorised business applicant,Business/legal status must be acceptable,Contribution/security depends on facility,"$20,000-$5,000,000",Up to 15 years,Business cash flow and financials required,Business serviceability/cash-flow assessment required,Business credit assessment required
BankVic,Mutual / member-owned,Commercial Real Estate Finance,Authorised corporate borrower,Corporate/legal status must be acceptable,Facility-specific collateral/leverage,"$500,000+ / negotiated",Negotiated,Audited financials and forecasts required,Debt service / covenant capacity assessed,Corporate credit assessment required
BankVic,Mutual / member-owned,Construction Loan,18,Accepted residency/legal status required,10% demo minimum; >80% LVR extra review,"$50,000-$2,000,000",Up to 30 years,Regular verifiable income required,Must pass serviceability assessment,Acceptable credit history; adverse events may require manual review
BankVic,Mutual / member-owned,Corporate Term Facility,Authorised corporate borrower,Corporate/legal status must be acceptable,Facility-specific collateral/leverage,"$500,000+ / negotiated",Negotiated,Audited financials and forecasts required,Debt service / covenant capacity assessed,Corporate credit assessment required
BankVic,Mutual / member-owned,Equipment / Asset Finance,18+ / authorised business applicant,Business/legal status must be acceptable,Contribution/security depends on facility,"$20,000-$5,000,000",Up to 15 years,Business cash flow and financials required,Business serviceability/cash-flow assessment required,Business credit assessment required
BankVic,Mutual / member-owned,First Home Buyer Loan,18,Accepted residency/legal status required,10% demo minimum; >80% LVR extra review,"$50,000-$2,000,000",Up to 30 years,Regular verifiable income required,Must pass serviceability assessment,Acceptable credit history; adverse events may require manual review
BankVic,Mutual / member-owned,Green / Sustainability Loan,18,Accepted residency/legal status required,No deposit if unsecured; security if applicable,"$5,000-$100,000",Up to 7 years,Regular verifiable income required,Must pass affordability assessment,Acceptable credit history; adverse events may require manual review
BankVic,Mutual / member-owned,Home Loan Refinance,18,Accepted residency/legal status required,10% demo minimum; >80% LVR extra review,"$50,000-$2,000,000",Up to 30 years,Regular verifiable income required,Must pass serviceability assessment,Acceptable credit history; adverse events may require manual review
BankVic,Mutual / member-owned,Investment Property Loan,18,Accepted residency/legal status required,10% demo minimum; >80% LVR extra review,"$50,000-$2,000,000",Up to 30 years,Regular verifiable income required,Must pass serviceability assessment,Acceptable credit history; adverse events may require manual review
BankVic,Mutual / member-owned,Owner-Occupied Home Loan,18,Accepted residency/legal status required,10% demo minimum; >80% LVR extra review,"$50,000-$2,000,000",Up to 30 years,Regular verifiable income required,Must pass serviceability assessment,Acceptable credit history; adverse events may require manual review
BankVic,Mutual / member-owned,Project Finance,Authorised corporate borrower,Corporate/legal status must be acceptable,Facility-specific collateral/leverage,"$500,000+ / negotiated",Negotiated,Audited financials and forecasts required,Debt service / covenant capacity assessed,Corporate credit assessment required
BankVic,Mutual / member-owned,Reverse Mortgage / Equity Release,18,Accepted residency/legal status required,10% demo minimum; >80% LVR extra review,"$50,000-$2,000,000",Up to 30 years,Regular verifiable income required,Must pass serviceability assessment,Acceptable credit history; adverse events may require manual review
BankVic,Mutual / member-owned,Revolving Credit Facility,Authorised corporate borrower,Corporate/legal status must be acceptable,Facility-specific collateral/leverage,"$500,000+ / negotiated",Negotiated,Audited financials and forecasts required,Debt service / covenant capacity assessed,Corporate credit assessment required
BankVic,Mutual / member-owned,Secured Personal Loan,18,Accepted residency/legal status required,No deposit if unsecured; security if applicable,"$5,000-$100,000",Up to 7 years,Regular verifiable income required,Must pass affordability assessment,Acceptable credit history; adverse events may require manual review
BankVic,Mutual / member-owned,SMSF / Self-Managed Super Property Loan,18,Accepted residency/legal status required,10% demo minimum; >80% LVR extra review,"$50,000-$2,000,000",Up to 30 years,Regular verifiable income required,Must pass serviceability assessment,Acceptable credit history; adverse events may require manual review
BankVic,Mutual / member-owned,Trade Finance,Authorised corporate borrower,Corporate/legal status must be acceptable,Facility-specific collateral/leverage,"$500,000+ / negotiated",Negotiated,Audited financials and forecasts required,Debt service / covenant capacity assessed,Corporate credit assessment required
BankVic,Mutual / member-owned,Unsecured Personal Loan,18,Accepted residency/legal status required,No deposit if unsecured; security if applicable,"$5,000-$100,000",Up to 7 years,Regular verifiable income required,Must pass affordability assessment,Acceptable credit history; adverse events may require manual review
BankVic,Mutual / member-owned,Vacant Land Loan,18,Accepted residency/legal status required,10% demo minimum; >80% LVR extra review,"$50,000-$2,000,000",Up to 30 years,Regular verifiable income required,Must pass serviceability assessment,Acceptable credit history; adverse events may require manual review
BankVic,Mutual / member-owned,Working Capital Loan,18+ / authorised business applicant,Business/legal status must be acceptable,Contribution/security depends on facility,"$20,000-$5,000,000",Up to 15 years,Business cash flow and financials required,Business serviceability/cash-flow assessment required,Business credit assessment required
QBANK,Mutual / member-owned,Agribusiness / Farm Loan,18+ / authorised business applicant,Business/legal status must be acceptable,Contribution/security depends on facility,"$20,000-$5,000,000",Up to 15 years,Business cash flow and financials required,Business serviceability/cash-flow assessment required,Business credit assessment required
QBANK,Mutual / member-owned,Bridging Loan,18,Accepted residency/legal status required,10% demo minimum; >80% LVR extra review,"$50,000-$2,000,000",Up to 30 years,Regular verifiable income required,Must pass serviceability assessment,Acceptable credit history; adverse events may require manual review
QBANK,Mutual / member-owned,Business Overdraft / Line of Credit,18+ / authorised business applicant,Business/legal status must be acceptable,Contribution/security depends on facility,"$20,000-$5,000,000",Up to 15 years,Business cash flow and financials required,Business serviceability/cash-flow assessment required,Business credit assessment required
QBANK,Mutual / member-owned,Business Term Loan,18+ / authorised business applicant,Business/legal status must be acceptable,Contribution/security depends on facility,"$20,000-$5,000,000",Up to 15 years,Business cash flow and financials required,Business serviceability/cash-flow assessment required,Business credit assessment required
QBANK,Mutual / member-owned,Car / Vehicle Loan,18,Accepted residency/legal status required,No deposit if unsecured; security if applicable,"$5,000-$100,000",Up to 7 years,Regular verifiable income required,Must pass affordability assessment,Acceptable credit history; adverse events may require manual review
QBANK,Mutual / member-owned,Commercial Property Loan,18+ / authorised business applicant,Business/legal status must be acceptable,Contribution/security depends on facility,"$20,000-$5,000,000",Up to 15 years,Business cash flow and financials required,Business serviceability/cash-flow assessment required,Business credit assessment required
QBANK,Mutual / member-owned,Commercial Real Estate Finance,Authorised corporate borrower,Corporate/legal status must be acceptable,Facility-specific collateral/leverage,"$500,000+ / negotiated",Negotiated,Audited financials and forecasts required,Debt service / covenant capacity assessed,Corporate credit assessment required
QBANK,Mutual / member-owned,Construction Loan,18,Accepted residency/legal status required,10% demo minimum; >80% LVR extra review,"$50,000-$2,000,000",Up to 30 years,Regular verifiable income required,Must pass serviceability assessment,Acceptable credit history; adverse events may require manual review
QBANK,Mutual / member-owned,Corporate Term Facility,Authorised corporate borrower,Corporate/legal status must be acceptable,Facility-specific collateral/leverage,"$500,000+ / negotiated",Negotiated,Audited financials and forecasts required,Debt service / covenant capacity assessed,Corporate credit assessment required
QBANK,Mutual / member-owned,Equipment / Asset Finance,18+ / authorised business applicant,Business/legal status must be acceptable,Contribution/security depends on facility,"$20,000-$5,000,000",Up to 15 years,Business cash flow and financials required,Business serviceability/cash-flow assessment required,Business credit assessment required
QBANK,Mutual / member-owned,First Home Buyer Loan,18,Accepted residency/legal status required,10% demo minimum; >80% LVR extra review,"$50,000-$2,000,000",Up to 30 years,Regular verifiable income required,Must pass serviceability assessment,Acceptable credit history; adverse events may require manual review
QBANK,Mutual / member-owned,Green / Sustainability Loan,18,Accepted residency/legal status required,No deposit if unsecured; security if applicable,"$5,000-$100,000",Up to 7 years,Regular verifiable income required,Must pass affordability assessment,Acceptable credit history; adverse events may require manual review
QBANK,Mutual / member-owned,Home Loan Refinance,18,Accepted residency/legal status required,10% demo minimum; >80% LVR extra review,"$50,000-$2,000,000",Up to 30 years,Regular verifiable income required,Must pass serviceability assessment,Acceptable credit history; adverse events may require manual review
QBANK,Mutual / member-owned,Investment Property Loan,18,Accepted residency/legal status required,10% demo minimum; >80% LVR extra review,"$50,000-$2,000,000",Up to 30 years,Regular verifiable income required,Must pass serviceability assessment,Acceptable credit history; adverse events may require manual review
QBANK,Mutual / member-owned,Owner-Occupied Home Loan,18,Accepted residency/legal status required,10% demo minimum; >80% LVR extra review,"$50,000-$2,000,000",Up to 30 years,Regular verifiable income required,Must pass serviceability assessment,Acceptable credit history; adverse events may require manual review
QBANK,Mutual / member-owned,Project Finance,Authorised corporate borrower,Corporate/legal status must be acceptable,Facility-specific collateral/leverage,"$500,000+ / negotiated",Negotiated,Audited financials and forecasts required,Debt service / covenant capacity assessed,Corporate credit assessment required
QBANK,Mutual / member-owned,Reverse Mortgage / Equity Release,18,Accepted residency/legal status required,10% demo minimum; >80% LVR extra review,"$50,000-$2,000,000",Up to 30 years,Regular verifiable income required,Must pass serviceability assessment,Acceptable credit history; adverse events may require manual review
QBANK,Mutual / member-owned,Revolving Credit Facility,Authorised corporate borrower,Corporate/legal status must be acceptable,Facility-specific collateral/leverage,"$500,000+ / negotiated",Negotiated,Audited financials and forecasts required,Debt service / covenant capacity assessed,Corporate credit assessment required
QBANK,Mutual / member-owned,Secured Personal Loan,18,Accepted residency/legal status required,No deposit if unsecured; security if applicable,"$5,000-$100,000",Up to 7 years,Regular verifiable income required,Must pass affordability assessment,Acceptable credit history; adverse events may require manual review
QBANK,Mutual / member-owned,SMSF / Self-Managed Super Property Loan,18,Accepted residency/legal status required,10% demo minimum; >80% LVR extra review,"$50,000-$2,000,000",Up to 30 years,Regular verifiable income required,Must pass serviceability assessment,Acceptable credit history; adverse events may require manual review
QBANK,Mutual / member-owned,Trade Finance,Authorised corporate borrower,Corporate/legal status must be acceptable,Facility-specific collateral/leverage,"$500,000+ / negotiated",Negotiated,Audited financials and forecasts required,Debt service / covenant capacity assessed,Corporate credit assessment required
QBANK,Mutual / member-owned,Unsecured Personal Loan,18,Accepted residency/legal status required,No deposit if unsecured; security if applicable,"$5,000-$100,000",Up to 7 years,Regular verifiable income required,Must pass affordability assessment,Acceptable credit history; adverse events may require manual review
QBANK,Mutual / member-owned,Vacant Land Loan,18,Accepted residency/legal status required,10% demo minimum; >80% LVR extra review,"$50,000-$2,000,000",Up to 30 years,Regular verifiable income required,Must pass serviceability assessment,Acceptable credit history; adverse events may require manual review
QBANK,Mutual / member-owned,Working Capital Loan,18+ / authorised business applicant,Business/legal status must be acceptable,Contribution/security depends on facility,"$20,000-$5,000,000",Up to 15 years,Business cash flow and financials required,Business serviceability/cash-flow assessment required,Business credit assessment required
Queensland Country Bank,Mutual / member-owned,Agribusiness / Farm Loan,18+ / authorised business applicant,Business/legal status must be acceptable,Contribution/security depends on facility,"$20,000-$5,000,000",Up to 15 years,Business cash flow and financials required,Business serviceability/cash-flow assessment required,Business credit assessment required
Queensland Country Bank,Mutual / member-owned,Bridging Loan,18,Accepted residency/legal status required,10% demo minimum; >80% LVR extra review,"$50,000-$2,000,000",Up to 30 years,Regular verifiable income required,Must pass serviceability assessment,Acceptable credit history; adverse events may require manual review
Queensland Country Bank,Mutual / member-owned,Business Overdraft / Line of Credit,18+ / authorised business applicant,Business/legal status must be acceptable,Contribution/security depends on facility,"$20,000-$5,000,000",Up to 15 years,Business cash flow and financials required,Business serviceability/cash-flow assessment required,Business credit assessment required
Queensland Country Bank,Mutual / member-owned,Business Term Loan,18+ / authorised business applicant,Business/legal status must be acceptable,Contribution/security depends on facility,"$20,000-$5,000,000",Up to 15 years,Business cash flow and financials required,Business serviceability/cash-flow assessment required,Business credit assessment required
Queensland Country Bank,Mutual / member-owned,Car / Vehicle Loan,18,Accepted residency/legal status required,No deposit if unsecured; security if applicable,"$5,000-$100,000",Up to 7 years,Regular verifiable income required,Must pass affordability assessment,Acceptable credit history; adverse events may require manual review
Queensland Country Bank,Mutual / member-owned,Commercial Property Loan,18+ / authorised business applicant,Business/legal status must be acceptable,Contribution/security depends on facility,"$20,000-$5,000,000",Up to 15 years,Business cash flow and financials required,Business serviceability/cash-flow assessment required,Business credit assessment required
Queensland Country Bank,Mutual / member-owned,Commercial Real Estate Finance,Authorised corporate borrower,Corporate/legal status must be acceptable,Facility-specific collateral/leverage,"$500,000+ / negotiated",Negotiated,Audited financials and forecasts required,Debt service / covenant capacity assessed,Corporate credit assessment required
Queensland Country Bank,Mutual / member-owned,Construction Loan,18,Accepted residency/legal status required,10% demo minimum; >80% LVR extra review,"$50,000-$2,000,000",Up to 30 years,Regular verifiable income required,Must pass serviceability assessment,Acceptable credit history; adverse events may require manual review
Queensland Country Bank,Mutual / member-owned,Corporate Term Facility,Authorised corporate borrower,Corporate/legal status must be acceptable,Facility-specific collateral/leverage,"$500,000+ / negotiated",Negotiated,Audited financials and forecasts required,Debt service / covenant capacity assessed,Corporate credit assessment required
Queensland Country Bank,Mutual / member-owned,Equipment / Asset Finance,18+ / authorised business applicant,Business/legal status must be acceptable,Contribution/security depends on facility,"$20,000-$5,000,000",Up to 15 years,Business cash flow and financials required,Business serviceability/cash-flow assessment required,Business credit assessment required
Queensland Country Bank,Mutual / member-owned,First Home Buyer Loan,18,Accepted residency/legal status required,10% demo minimum; >80% LVR extra review,"$50,000-$2,000,000",Up to 30 years,Regular verifiable income required,Must pass serviceability assessment,Acceptable credit history; adverse events may require manual review
Queensland Country Bank,Mutual / member-owned,Green / Sustainability Loan,18,Accepted residency/legal status required,No deposit if unsecured; security if applicable,"$5,000-$100,000",Up to 7 years,Regular verifiable income required,Must pass affordability assessment,Acceptable credit history; adverse events may require manual review
Queensland Country Bank,Mutual / member-owned,Home Loan Refinance,18,Accepted residency/legal status required,10% demo minimum; >80% LVR extra review,"$50,000-$2,000,000",Up to 30 years,Regular verifiable income required,Must pass serviceability assessment,Acceptable credit history; adverse events may require manual review
Queensland Country Bank,Mutual / member-owned,Investment Property Loan,18,Accepted residency/legal status required,10% demo minimum; >80% LVR extra review,"$50,000-$2,000,000",Up to 30 years,Regular verifiable income required,Must pass serviceability assessment,Acceptable credit history; adverse events may require manual review
Queensland Country Bank,Mutual / member-owned,Owner-Occupied Home Loan,18,Accepted residency/legal status required,10% demo minimum; >80% LVR extra review,"$50,000-$2,000,000",Up to 30 years,Regular verifiable income required,Must pass serviceability assessment,Acceptable credit history; adverse events may require manual review
Queensland Country Bank,Mutual / member-owned,Project Finance,Authorised corporate borrower,Corporate/legal status must be acceptable,Facility-specific collateral/leverage,"$500,000+ / negotiated",Negotiated,Audited financials and forecasts required,Debt service / covenant capacity assessed,Corporate credit assessment required
Queensland Country Bank,Mutual / member-owned,Reverse Mortgage / Equity Release,18,Accepted residency/legal status required,10% demo minimum; >80% LVR extra review,"$50,000-$2,000,000",Up to 30 years,Regular verifiable income required,Must pass serviceability assessment,Acceptable credit history; adverse events may require manual review
Queensland Country Bank,Mutual / member-owned,Revolving Credit Facility,Authorised corporate borrower,Corporate/legal status must be acceptable,Facility-specific collateral/leverage,"$500,000+ / negotiated",Negotiated,Audited financials and forecasts required,Debt service / covenant capacity assessed,Corporate credit assessment required
Queensland Country Bank,Mutual / member-owned,Secured Personal Loan,18,Accepted residency/legal status required,No deposit if unsecured; security if applicable,"$5,000-$100,000",Up to 7 years,Regular verifiable income required,Must pass affordability assessment,Acceptable credit history; adverse events may require manual review
Queensland Country Bank,Mutual / member-owned,SMSF / Self-Managed Super Property Loan,18,Accepted residency/legal status required,10% demo minimum; >80% LVR extra review,"$50,000-$2,000,000",Up to 30 years,Regular verifiable income required,Must pass serviceability assessment,Acceptable credit history; adverse events may require manual review
Queensland Country Bank,Mutual / member-owned,Trade Finance,Authorised corporate borrower,Corporate/legal status must be acceptable,Facility-specific collateral/leverage,"$500,000+ / negotiated",Negotiated,Audited financials and forecasts required,Debt service / covenant capacity assessed,Corporate credit assessment required
Queensland Country Bank,Mutual / member-owned,Unsecured Personal Loan,18,Accepted residency/legal status required,No deposit if unsecured; security if applicable,"$5,000-$100,000",Up to 7 years,Regular verifiable income required,Must pass affordability assessment,Acceptable credit history; adverse events may require manual review
Queensland Country Bank,Mutual / member-owned,Vacant Land Loan,18,Accepted residency/legal status required,10% demo minimum; >80% LVR extra review,"$50,000-$2,000,000",Up to 30 years,Regular verifiable income required,Must pass serviceability assessment,Acceptable credit history; adverse events may require manual review
Queensland Country Bank,Mutual / member-owned,Working Capital Loan,18+ / authorised business applicant,Business/legal status must be acceptable,Contribution/security depends on facility,"$20,000-$5,000,000",Up to 15 years,Business cash flow and financials required,Business serviceability/cash-flow assessment required,Business credit assessment required
Regional Australia Bank,Mutual / member-owned,Agribusiness / Farm Loan,18+ / authorised business applicant,Business/legal status must be acceptable,Contribution/security depends on facility,"$20,000-$5,000,000",Up to 15 years,Business cash flow and financials required,Business serviceability/cash-flow assessment required,Business credit assessment required
Regional Australia Bank,Mutual / member-owned,Bridging Loan,18,Accepted residency/legal status required,10% demo minimum; >80% LVR extra review,"$50,000-$2,000,000",Up to 30 years,Regular verifiable income required,Must pass serviceability assessment,Acceptable credit history; adverse events may require manual review
Regional Australia Bank,Mutual / member-owned,Business Overdraft / Line of Credit,18+ / authorised business applicant,Business/legal status must be acceptable,Contribution/security depends on facility,"$20,000-$5,000,000",Up to 15 years,Business cash flow and financials required,Business serviceability/cash-flow assessment required,Business credit assessment required
Regional Australia Bank,Mutual / member-owned,Business Term Loan,18+ / authorised business applicant,Business/legal status must be acceptable,Contribution/security depends on facility,"$20,000-$5,000,000",Up to 15 years,Business cash flow and financials required,Business serviceability/cash-flow assessment required,Business credit assessment required
Regional Australia Bank,Mutual / member-owned,Car / Vehicle Loan,18,Accepted residency/legal status required,No deposit if unsecured; security if applicable,"$5,000-$100,000",Up to 7 years,Regular verifiable income required,Must pass affordability assessment,Acceptable credit history; adverse events may require manual review
Regional Australia Bank,Mutual / member-owned,Commercial Property Loan,18+ / authorised business applicant,Business/legal status must be acceptable,Contribution/security depends on facility,"$20,000-$5,000,000",Up to 15 years,Business cash flow and financials required,Business serviceability/cash-flow assessment required,Business credit assessment required
Regional Australia Bank,Mutual / member-owned,Commercial Real Estate Finance,Authorised corporate borrower,Corporate/legal status must be acceptable,Facility-specific collateral/leverage,"$500,000+ / negotiated",Negotiated,Audited financials and forecasts required,Debt service / covenant capacity assessed,Corporate credit assessment required
Regional Australia Bank,Mutual / member-owned,Construction Loan,18,Accepted residency/legal status required,10% demo minimum; >80% LVR extra review,"$50,000-$2,000,000",Up to 30 years,Regular verifiable income required,Must pass serviceability assessment,Acceptable credit history; adverse events may require manual review
Regional Australia Bank,Mutual / member-owned,Corporate Term Facility,Authorised corporate borrower,Corporate/legal status must be acceptable,Facility-specific collateral/leverage,"$500,000+ / negotiated",Negotiated,Audited financials and forecasts required,Debt service / covenant capacity assessed,Corporate credit assessment required
Regional Australia Bank,Mutual / member-owned,Equipment / Asset Finance,18+ / authorised business applicant,Business/legal status must be acceptable,Contribution/security depends on facility,"$20,000-$5,000,000",Up to 15 years,Business cash flow and financials required,Business serviceability/cash-flow assessment required,Business credit assessment required
Regional Australia Bank,Mutual / member-owned,First Home Buyer Loan,18,Accepted residency/legal status required,10% demo minimum; >80% LVR extra review,"$50,000-$2,000,000",Up to 30 years,Regular verifiable income required,Must pass serviceability assessment,Acceptable credit history; adverse events may require manual review
Regional Australia Bank,Mutual / member-owned,Green / Sustainability Loan,18,Accepted residency/legal status required,No deposit if unsecured; security if applicable,"$5,000-$100,000",Up to 7 years,Regular verifiable income required,Must pass affordability assessment,Acceptable credit history; adverse events may require manual review
Regional Australia Bank,Mutual / member-owned,Home Loan Refinance,18,Accepted residency/legal status required,10% demo minimum; >80% LVR extra review,"$50,000-$2,000,000",Up to 30 years,Regular verifiable income required,Must pass serviceability assessment,Acceptable credit history; adverse events may require manual review
Regional Australia Bank,Mutual / member-owned,Investment Property Loan,18,Accepted residency/legal status required,10% demo minimum; >80% LVR extra review,"$50,000-$2,000,000",Up to 30 years,Regular verifiable income required,Must pass serviceability assessment,Acceptable credit history; adverse events may require manual review
Regional Australia Bank,Mutual / member-owned,Owner-Occupied Home Loan,18,Accepted residency/legal status required,10% demo minimum; >80% LVR extra review,"$50,000-$2,000,000",Up to 30 years,Regular verifiable income required,Must pass serviceability assessment,Acceptable credit history; adverse events may require manual review
Regional Australia Bank,Mutual / member-owned,Project Finance,Authorised corporate borrower,Corporate/legal status must be acceptable,Facility-specific collateral/leverage,"$500,000+ / negotiated",Negotiated,Audited financials and forecasts required,Debt service / covenant capacity assessed,Corporate credit assessment required
Regional Australia Bank,Mutual / member-owned,Reverse Mortgage / Equity Release,18,Accepted residency/legal status required,10% demo minimum; >80% LVR extra review,"$50,000-$2,000,000",Up to 30 years,Regular verifiable income required,Must pass serviceability assessment,Acceptable credit history; adverse events may require manual review
Regional Australia Bank,Mutual / member-owned,Revolving Credit Facility,Authorised corporate borrower,Corporate/legal status must be acceptable,Facility-specific collateral/leverage,"$500,000+ / negotiated",Negotiated,Audited financials and forecasts required,Debt service / covenant capacity assessed,Corporate credit assessment required
Regional Australia Bank,Mutual / member-owned,Secured Personal Loan,18,Accepted residency/legal status required,No deposit if unsecured; security if applicable,"$5,000-$100,000",Up to 7 years,Regular verifiable income required,Must pass affordability assessment,Acceptable credit history; adverse events may require manual review
Regional Australia Bank,Mutual / member-owned,SMSF / Self-Managed Super Property Loan,18,Accepted residency/legal status required,10% demo minimum; >80% LVR extra review,"$50,000-$2,000,000",Up to 30 years,Regular verifiable income required,Must pass serviceability assessment,Acceptable credit history; adverse events may require manual review
Regional Australia Bank,Mutual / member-owned,Trade Finance,Authorised corporate borrower,Corporate/legal status must be acceptable,Facility-specific collateral/leverage,"$500,000+ / negotiated",Negotiated,Audited financials and forecasts required,Debt service / covenant capacity assessed,Corporate credit assessment required
Regional Australia Bank,Mutual / member-owned,Unsecured Personal Loan,18,Accepted residency/legal status required,No deposit if unsecured; security if applicable,"$5,000-$100,000",Up to 7 years,Regular verifiable income required,Must pass affordability assessment,Acceptable credit history; adverse events may require manual review
Regional Australia Bank,Mutual / member-owned,Vacant Land Loan,18,Accepted residency/legal status required,10% demo minimum; >80% LVR extra review,"$50,000-$2,000,000",Up to 30 years,Regular verifiable income required,Must pass serviceability assessment,Acceptable credit history; adverse events may require manual review
Regional Australia Bank,Mutual / member-owned,Working Capital Loan,18+ / authorised business applicant,Business/legal status must be acceptable,Contribution/security depends on facility,"$20,000-$5,000,000",Up to 15 years,Business cash flow and financials required,Business serviceability/cash-flow assessment required,Business credit assessment required
IMB Bank,Mutual / member-owned,Agribusiness / Farm Loan,18+ / authorised business applicant,Business/legal status must be acceptable,Contribution/security depends on facility,"$20,000-$5,000,000",Up to 15 years,Business cash flow and financials required,Business serviceability/cash-flow assessment required,Business credit assessment required
IMB Bank,Mutual / member-owned,Bridging Loan,18,Accepted residency/legal status required,10% demo minimum; >80% LVR extra review,"$50,000-$2,000,000",Up to 30 years,Regular verifiable income required,Must pass serviceability assessment,Acceptable credit history; adverse events may require manual review
IMB Bank,Mutual / member-owned,Business Overdraft / Line of Credit,18+ / authorised business applicant,Business/legal status must be acceptable,Contribution/security depends on facility,"$20,000-$5,000,000",Up to 15 years,Business cash flow and financials required,Business serviceability/cash-flow assessment required,Business credit assessment required
IMB Bank,Mutual / member-owned,Business Term Loan,18+ / authorised business applicant,Business/legal status must be acceptable,Contribution/security depends on facility,"$20,000-$5,000,000",Up to 15 years,Business cash flow and financials required,Business serviceability/cash-flow assessment required,Business credit assessment required
IMB Bank,Mutual / member-owned,Car / Vehicle Loan,18,Accepted residency/legal status required,No deposit if unsecured; security if applicable,"$5,000-$100,000",Up to 7 years,Regular verifiable income required,Must pass affordability assessment,Acceptable credit history; adverse events may require manual review
IMB Bank,Mutual / member-owned,Commercial Property Loan,18+ / authorised business applicant,Business/legal status must be acceptable,Contribution/security depends on facility,"$20,000-$5,000,000",Up to 15 years,Business cash flow and financials required,Business serviceability/cash-flow assessment required,Business credit assessment required
IMB Bank,Mutual / member-owned,Commercial Real Estate Finance,Authorised corporate borrower,Corporate/legal status must be acceptable,Facility-specific collateral/leverage,"$500,000+ / negotiated",Negotiated,Audited financials and forecasts required,Debt service / covenant capacity assessed,Corporate credit assessment required
IMB Bank,Mutual / member-owned,Construction Loan,18,Accepted residency/legal status required,10% demo minimum; >80% LVR extra review,"$50,000-$2,000,000",Up to 30 years,Regular verifiable income required,Must pass serviceability assessment,Acceptable credit history; adverse events may require manual review
IMB Bank,Mutual / member-owned,Corporate Term Facility,Authorised corporate borrower,Corporate/legal status must be acceptable,Facility-specific collateral/leverage,"$500,000+ / negotiated",Negotiated,Audited financials and forecasts required,Debt service / covenant capacity assessed,Corporate credit assessment required
IMB Bank,Mutual / member-owned,Equipment / Asset Finance,18+ / authorised business applicant,Business/legal status must be acceptable,Contribution/security depends on facility,"$20,000-$5,000,000",Up to 15 years,Business cash flow and financials required,Business serviceability/cash-flow assessment required,Business credit assessment required
IMB Bank,Mutual / member-owned,First Home Buyer Loan,18,Accepted residency/legal status required,10% demo minimum; >80% LVR extra review,"$50,000-$2,000,000",Up to 30 years,Regular verifiable income required,Must pass serviceability assessment,Acceptable credit history; adverse events may require manual review
IMB Bank,Mutual / member-owned,Green / Sustainability Loan,18,Accepted residency/legal status required,No deposit if unsecured; security if applicable,"$5,000-$100,000",Up to 7 years,Regular verifiable income required,Must pass affordability assessment,Acceptable credit history; adverse events may require manual review
IMB Bank,Mutual / member-owned,Home Loan Refinance,18,Accepted residency/legal status required,10% demo minimum; >80% LVR extra review,"$50,000-$2,000,000",Up to 30 years,Regular verifiable income required,Must pass serviceability assessment,Acceptable credit history; adverse events may require manual review
IMB Bank,Mutual / member-owned,Investment Property Loan,18,Accepted residency/legal status required,10% demo minimum; >80% LVR extra review,"$50,000-$2,000,000",Up to 30 years,Regular verifiable income required,Must pass serviceability assessment,Acceptable credit history; adverse events may require manual review
IMB Bank,Mutual / member-owned,Owner-Occupied Home Loan,18,Accepted residency/legal status required,10% demo minimum; >80% LVR extra review,"$50,000-$2,000,000",Up to 30 years,Regular verifiable income required,Must pass serviceability assessment,Acceptable credit history; adverse events may require manual review
IMB Bank,Mutual / member-owned,Project Finance,Authorised corporate borrower,Corporate/legal status must be acceptable,Facility-specific collateral/leverage,"$500,000+ / negotiated",Negotiated,Audited financials and forecasts required,Debt service / covenant capacity assessed,Corporate credit assessment required
IMB Bank,Mutual / member-owned,Reverse Mortgage / Equity Release,18,Accepted residency/legal status required,10% demo minimum; >80% LVR extra review,"$50,000-$2,000,000",Up to 30 years,Regular verifiable income required,Must pass serviceability assessment,Acceptable credit history; adverse events may require manual review
IMB Bank,Mutual / member-owned,Revolving Credit Facility,Authorised corporate borrower,Corporate/legal status must be acceptable,Facility-specific collateral/leverage,"$500,000+ / negotiated",Negotiated,Audited financials and forecasts required,Debt service / covenant capacity assessed,Corporate credit assessment required
IMB Bank,Mutual / member-owned,Secured Personal Loan,18,Accepted residency/legal status required,No deposit if unsecured; security if applicable,"$5,000-$100,000",Up to 7 years,Regular verifiable income required,Must pass affordability assessment,Acceptable credit history; adverse events may require manual review
IMB Bank,Mutual / member-owned,SMSF / Self-Managed Super Property Loan,18,Accepted residency/legal status required,10% demo minimum; >80% LVR extra review,"$50,000-$2,000,000",Up to 30 years,Regular verifiable income required,Must pass serviceability assessment,Acceptable credit history; adverse events may require manual review
IMB Bank,Mutual / member-owned,Trade Finance,Authorised corporate borrower,Corporate/legal status must be acceptable,Facility-specific collateral/leverage,"$500,000+ / negotiated",Negotiated,Audited financials and forecasts required,Debt service / covenant capacity assessed,Corporate credit assessment required
IMB Bank,Mutual / member-owned,Unsecured Personal Loan,18,Accepted residency/legal status required,No deposit if unsecured; security if applicable,"$5,000-$100,000",Up to 7 years,Regular verifiable income required,Must pass affordability assessment,Acceptable credit history; adverse events may require manual review
IMB Bank,Mutual / member-owned,Vacant Land Loan,18,Accepted residency/legal status required,10% demo minimum; >80% LVR extra review,"$50,000-$2,000,000",Up to 30 years,Regular verifiable income required,Must pass serviceability assessment,Acceptable credit history; adverse events may require manual review
IMB Bank,Mutual / member-owned,Working Capital Loan,18+ / authorised business applicant,Business/legal status must be acceptable,Contribution/security depends on facility,"$20,000-$5,000,000",Up to 15 years,Business cash flow and financials required,Business serviceability/cash-flow assessment required,Business credit assessment required
Hume Bank,Mutual / member-owned,Agribusiness / Farm Loan,18+ / authorised business applicant,Business/legal status must be acceptable,Contribution/security depends on facility,"$20,000-$5,000,000",Up to 15 years,Business cash flow and financials required,Business serviceability/cash-flow assessment required,Business credit assessment required
Hume Bank,Mutual / member-owned,Bridging Loan,18,Accepted residency/legal status required,10% demo minimum; >80% LVR extra review,"$50,000-$2,000,000",Up to 30 years,Regular verifiable income required,Must pass serviceability assessment,Acceptable credit history; adverse events may require manual review
Hume Bank,Mutual / member-owned,Business Overdraft / Line of Credit,18+ / authorised business applicant,Business/legal status must be acceptable,Contribution/security depends on facility,"$20,000-$5,000,000",Up to 15 years,Business cash flow and financials required,Business serviceability/cash-flow assessment required,Business credit assessment required
Hume Bank,Mutual / member-owned,Business Term Loan,18+ / authorised business applicant,Business/legal status must be acceptable,Contribution/security depends on facility,"$20,000-$5,000,000",Up to 15 years,Business cash flow and financials required,Business serviceability/cash-flow assessment required,Business credit assessment required
Hume Bank,Mutual / member-owned,Car / Vehicle Loan,18,Accepted residency/legal status required,No deposit if unsecured; security if applicable,"$5,000-$100,000",Up to 7 years,Regular verifiable income required,Must pass affordability assessment,Acceptable credit history; adverse events may require manual review
Hume Bank,Mutual / member-owned,Commercial Property Loan,18+ / authorised business applicant,Business/legal status must be acceptable,Contribution/security depends on facility,"$20,000-$5,000,000",Up to 15 years,Business cash flow and financials required,Business serviceability/cash-flow assessment required,Business credit assessment required
Hume Bank,Mutual / member-owned,Commercial Real Estate Finance,Authorised corporate borrower,Corporate/legal status must be acceptable,Facility-specific collateral/leverage,"$500,000+ / negotiated",Negotiated,Audited financials and forecasts required,Debt service / covenant capacity assessed,Corporate credit assessment required
Hume Bank,Mutual / member-owned,Construction Loan,18,Accepted residency/legal status required,10% demo minimum; >80% LVR extra review,"$50,000-$2,000,000",Up to 30 years,Regular verifiable income required,Must pass serviceability assessment,Acceptable credit history; adverse events may require manual review
Hume Bank,Mutual / member-owned,Corporate Term Facility,Authorised corporate borrower,Corporate/legal status must be acceptable,Facility-specific collateral/leverage,"$500,000+ / negotiated",Negotiated,Audited financials and forecasts required,Debt service / covenant capacity assessed,Corporate credit assessment required
Hume Bank,Mutual / member-owned,Equipment / Asset Finance,18+ / authorised business applicant,Business/legal status must be acceptable,Contribution/security depends on facility,"$20,000-$5,000,000",Up to 15 years,Business cash flow and financials required,Business serviceability/cash-flow assessment required,Business credit assessment required
Hume Bank,Mutual / member-owned,First Home Buyer Loan,18,Accepted residency/legal status required,10% demo minimum; >80% LVR extra review,"$50,000-$2,000,000",Up to 30 years,Regular verifiable income required,Must pass serviceability assessment,Acceptable credit history; adverse events may require manual review
Hume Bank,Mutual / member-owned,Green / Sustainability Loan,18,Accepted residency/legal status required,No deposit if unsecured; security if applicable,"$5,000-$100,000",Up to 7 years,Regular verifiable income required,Must pass affordability assessment,Acceptable credit history; adverse events may require manual review
Hume Bank,Mutual / member-owned,Home Loan Refinance,18,Accepted residency/legal status required,10% demo minimum; >80% LVR extra review,"$50,000-$2,000,000",Up to 30 years,Regular verifiable income required,Must pass serviceability assessment,Acceptable credit history; adverse events may require manual review
Hume Bank,Mutual / member-owned,Investment Property Loan,18,Accepted residency/legal status required,10% demo minimum; >80% LVR extra review,"$50,000-$2,000,000",Up to 30 years,Regular verifiable income required,Must pass serviceability assessment,Acceptable credit history; adverse events may require manual review
Hume Bank,Mutual / member-owned,Owner-Occupied Home Loan,18,Accepted residency/legal status required,10% demo minimum; >80% LVR extra review,"$50,000-$2,000,000",Up to 30 years,Regular verifiable income required,Must pass serviceability assessment,Acceptable credit history; adverse events may require manual review
Hume Bank,Mutual / member-owned,Project Finance,Authorised corporate borrower,Corporate/legal status must be acceptable,Facility-specific collateral/leverage,"$500,000+ / negotiated",Negotiated,Audited financials and forecasts required,Debt service / covenant capacity assessed,Corporate credit assessment required
Hume Bank,Mutual / member-owned,Reverse Mortgage / Equity Release,18,Accepted residency/legal status required,10% demo minimum; >80% LVR extra review,"$50,000-$2,000,000",Up to 30 years,Regular verifiable income required,Must pass serviceability assessment,Acceptable credit history; adverse events may require manual review
Hume Bank,Mutual / member-owned,Revolving Credit Facility,Authorised corporate borrower,Corporate/legal status must be acceptable,Facility-specific collateral/leverage,"$500,000+ / negotiated",Negotiated,Audited financials and forecasts required,Debt service / covenant capacity assessed,Corporate credit assessment required
Hume Bank,Mutual / member-owned,Secured Personal Loan,18,Accepted residency/legal status required,No deposit if unsecured; security if applicable,"$5,000-$100,000",Up to 7 years,Regular verifiable income required,Must pass affordability assessment,Acceptable credit history; adverse events may require manual review
Hume Bank,Mutual / member-owned,SMSF / Self-Managed Super Property Loan,18,Accepted residency/legal status required,10% demo minimum; >80% LVR extra review,"$50,000-$2,000,000",Up to 30 years,Regular verifiable income required,Must pass serviceability assessment,Acceptable credit history; adverse events may require manual review
Hume Bank,Mutual / member-owned,Trade Finance,Authorised corporate borrower,Corporate/legal status must be acceptable,Facility-specific collateral/leverage,"$500,000+ / negotiated",Negotiated,Audited financials and forecasts required,Debt service / covenant capacity assessed,Corporate credit assessment required
Hume Bank,Mutual / member-owned,Unsecured Personal Loan,18,Accepted residency/legal status required,No deposit if unsecured; security if applicable,"$5,000-$100,000",Up to 7 years,Regular verifiable income required,Must pass affordability assessment,Acceptable credit history; adverse events may require manual review
Hume Bank,Mutual / member-owned,Vacant Land Loan,18,Accepted residency/legal status required,10% demo minimum; >80% LVR extra review,"$50,000-$2,000,000",Up to 30 years,Regular verifiable income required,Must pass serviceability assessment,Acceptable credit history; adverse events may require manual review
Hume Bank,Mutual / member-owned,Working Capital Loan,18+ / authorised business applicant,Business/legal status must be acceptable,Contribution/security depends on facility,"$20,000-$5,000,000",Up to 15 years,Business cash flow and financials required,Business serviceability/cash-flow assessment required,Business credit assessment required
Gateway Bank,Mutual / member-owned,Agribusiness / Farm Loan,18+ / authorised business applicant,Business/legal status must be acceptable,Contribution/security depends on facility,"$20,000-$5,000,000",Up to 15 years,Business cash flow and financials required,Business serviceability/cash-flow assessment required,Business credit assessment required
Gateway Bank,Mutual / member-owned,Bridging Loan,18,Accepted residency/legal status required,10% demo minimum; >80% LVR extra review,"$50,000-$2,000,000",Up to 30 years,Regular verifiable income required,Must pass serviceability assessment,Acceptable credit history; adverse events may require manual review
Gateway Bank,Mutual / member-owned,Business Overdraft / Line of Credit,18+ / authorised business applicant,Business/legal status must be acceptable,Contribution/security depends on facility,"$20,000-$5,000,000",Up to 15 years,Business cash flow and financials required,Business serviceability/cash-flow assessment required,Business credit assessment required
Gateway Bank,Mutual / member-owned,Business Term Loan,18+ / authorised business applicant,Business/legal status must be acceptable,Contribution/security depends on facility,"$20,000-$5,000,000",Up to 15 years,Business cash flow and financials required,Business serviceability/cash-flow assessment required,Business credit assessment required
Gateway Bank,Mutual / member-owned,Car / Vehicle Loan,18,Accepted residency/legal status required,No deposit if unsecured; security if applicable,"$5,000-$100,000",Up to 7 years,Regular verifiable income required,Must pass affordability assessment,Acceptable credit history; adverse events may require manual review
Gateway Bank,Mutual / member-owned,Commercial Property Loan,18+ / authorised business applicant,Business/legal status must be acceptable,Contribution/security depends on facility,"$20,000-$5,000,000",Up to 15 years,Business cash flow and financials required,Business serviceability/cash-flow assessment required,Business credit assessment required
Gateway Bank,Mutual / member-owned,Commercial Real Estate Finance,Authorised corporate borrower,Corporate/legal status must be acceptable,Facility-specific collateral/leverage,"$500,000+ / negotiated",Negotiated,Audited financials and forecasts required,Debt service / covenant capacity assessed,Corporate credit assessment required
Gateway Bank,Mutual / member-owned,Construction Loan,18,Accepted residency/legal status required,10% demo minimum; >80% LVR extra review,"$50,000-$2,000,000",Up to 30 years,Regular verifiable income required,Must pass serviceability assessment,Acceptable credit history; adverse events may require manual review
Gateway Bank,Mutual / member-owned,Corporate Term Facility,Authorised corporate borrower,Corporate/legal status must be acceptable,Facility-specific collateral/leverage,"$500,000+ / negotiated",Negotiated,Audited financials and forecasts required,Debt service / covenant capacity assessed,Corporate credit assessment required
Gateway Bank,Mutual / member-owned,Equipment / Asset Finance,18+ / authorised business applicant,Business/legal status must be acceptable,Contribution/security depends on facility,"$20,000-$5,000,000",Up to 15 years,Business cash flow and financials required,Business serviceability/cash-flow assessment required,Business credit assessment required
Gateway Bank,Mutual / member-owned,First Home Buyer Loan,18,Accepted residency/legal status required,10% demo minimum; >80% LVR extra review,"$50,000-$2,000,000",Up to 30 years,Regular verifiable income required,Must pass serviceability assessment,Acceptable credit history; adverse events may require manual review
Gateway Bank,Mutual / member-owned,Green / Sustainability Loan,18,Accepted residency/legal status required,No deposit if unsecured; security if applicable,"$5,000-$100,000",Up to 7 years,Regular verifiable income required,Must pass affordability assessment,Acceptable credit history; adverse events may require manual review
Gateway Bank,Mutual / member-owned,Home Loan Refinance,18,Accepted residency/legal status required,10% demo minimum; >80% LVR extra review,"$50,000-$2,000,000",Up to 30 years,Regular verifiable income required,Must pass serviceability assessment,Acceptable credit history; adverse events may require manual review
Gateway Bank,Mutual / member-owned,Investment Property Loan,18,Accepted residency/legal status required,10% demo minimum; >80% LVR extra review,"$50,000-$2,000,000",Up to 30 years,Regular verifiable income required,Must pass serviceability assessment,Acceptable credit history; adverse events may require manual review
Gateway Bank,Mutual / member-owned,Owner-Occupied Home Loan,18,Accepted residency/legal status required,10% demo minimum; >80% LVR extra review,"$50,000-$2,000,000",Up to 30 years,Regular verifiable income required,Must pass serviceability assessment,Acceptable credit history; adverse events may require manual review
Gateway Bank,Mutual / member-owned,Project Finance,Authorised corporate borrower,Corporate/legal status must be acceptable,Facility-specific collateral/leverage,"$500,000+ / negotiated",Negotiated,Audited financials and forecasts required,Debt service / covenant capacity assessed,Corporate credit assessment required
Gateway Bank,Mutual / member-owned,Reverse Mortgage / Equity Release,18,Accepted residency/legal status required,10% demo minimum; >80% LVR extra review,"$50,000-$2,000,000",Up to 30 years,Regular verifiable income required,Must pass serviceability assessment,Acceptable credit history; adverse events may require manual review
Gateway Bank,Mutual / member-owned,Revolving Credit Facility,Authorised corporate borrower,Corporate/legal status must be acceptable,Facility-specific collateral/leverage,"$500,000+ / negotiated",Negotiated,Audited financials and forecasts required,Debt service / covenant capacity assessed,Corporate credit assessment required
Gateway Bank,Mutual / member-owned,Secured Personal Loan,18,Accepted residency/legal status required,No deposit if unsecured; security if applicable,"$5,000-$100,000",Up to 7 years,Regular verifiable income required,Must pass affordability assessment,Acceptable credit history; adverse events may require manual review
Gateway Bank,Mutual / member-owned,SMSF / Self-Managed Super Property Loan,18,Accepted residency/legal status required,10% demo minimum; >80% LVR extra review,"$50,000-$2,000,000",Up to 30 years,Regular verifiable income required,Must pass serviceability assessment,Acceptable credit history; adverse events may require manual review
Gateway Bank,Mutual / member-owned,Trade Finance,Authorised corporate borrower,Corporate/legal status must be acceptable,Facility-specific collateral/leverage,"$500,000+ / negotiated",Negotiated,Audited financials and forecasts required,Debt service / covenant capacity assessed,Corporate credit assessment required
Gateway Bank,Mutual / member-owned,Unsecured Personal Loan,18,Accepted residency/legal status required,No deposit if unsecured; security if applicable,"$5,000-$100,000",Up to 7 years,Regular verifiable income required,Must pass affordability assessment,Acceptable credit history; adverse events may require manual review
Gateway Bank,Mutual / member-owned,Vacant Land Loan,18,Accepted residency/legal status required,10% demo minimum; >80% LVR extra review,"$50,000-$2,000,000",Up to 30 years,Regular verifiable income required,Must pass serviceability assessment,Acceptable credit history; adverse events may require manual review
Gateway Bank,Mutual / member-owned,Working Capital Loan,18+ / authorised business applicant,Business/legal status must be acceptable,Contribution/security depends on facility,"$20,000-$5,000,000",Up to 15 years,Business cash flow and financials required,Business serviceability/cash-flow assessment required,Business credit assessment required
Bank First,Mutual / member-owned,Agribusiness / Farm Loan,18+ / authorised business applicant,Business/legal status must be acceptable,Contribution/security depends on facility,"$20,000-$5,000,000",Up to 15 years,Business cash flow and financials required,Business serviceability/cash-flow assessment required,Business credit assessment required
Bank First,Mutual / member-owned,Bridging Loan,18,Accepted residency/legal status required,10% demo minimum; >80% LVR extra review,"$50,000-$2,000,000",Up to 30 years,Regular verifiable income required,Must pass serviceability assessment,Acceptable credit history; adverse events may require manual review
Bank First,Mutual / member-owned,Business Overdraft / Line of Credit,18+ / authorised business applicant,Business/legal status must be acceptable,Contribution/security depends on facility,"$20,000-$5,000,000",Up to 15 years,Business cash flow and financials required,Business serviceability/cash-flow assessment required,Business credit assessment required
Bank First,Mutual / member-owned,Business Term Loan,18+ / authorised business applicant,Business/legal status must be acceptable,Contribution/security depends on facility,"$20,000-$5,000,000",Up to 15 years,Business cash flow and financials required,Business serviceability/cash-flow assessment required,Business credit assessment required
Bank First,Mutual / member-owned,Car / Vehicle Loan,18,Accepted residency/legal status required,No deposit if unsecured; security if applicable,"$5,000-$100,000",Up to 7 years,Regular verifiable income required,Must pass affordability assessment,Acceptable credit history; adverse events may require manual review
Bank First,Mutual / member-owned,Commercial Property Loan,18+ / authorised business applicant,Business/legal status must be acceptable,Contribution/security depends on facility,"$20,000-$5,000,000",Up to 15 years,Business cash flow and financials required,Business serviceability/cash-flow assessment required,Business credit assessment required
Bank First,Mutual / member-owned,Commercial Real Estate Finance,Authorised corporate borrower,Corporate/legal status must be acceptable,Facility-specific collateral/leverage,"$500,000+ / negotiated",Negotiated,Audited financials and forecasts required,Debt service / covenant capacity assessed,Corporate credit assessment required
Bank First,Mutual / member-owned,Construction Loan,18,Accepted residency/legal status required,10% demo minimum; >80% LVR extra review,"$50,000-$2,000,000",Up to 30 years,Regular verifiable income required,Must pass serviceability assessment,Acceptable credit history; adverse events may require manual review
Bank First,Mutual / member-owned,Corporate Term Facility,Authorised corporate borrower,Corporate/legal status must be acceptable,Facility-specific collateral/leverage,"$500,000+ / negotiated",Negotiated,Audited financials and forecasts required,Debt service / covenant capacity assessed,Corporate credit assessment required
Bank First,Mutual / member-owned,Equipment / Asset Finance,18+ / authorised business applicant,Business/legal status must be acceptable,Contribution/security depends on facility,"$20,000-$5,000,000",Up to 15 years,Business cash flow and financials required,Business serviceability/cash-flow assessment required,Business credit assessment required
Bank First,Mutual / member-owned,First Home Buyer Loan,18,Accepted residency/legal status required,10% demo minimum; >80% LVR extra review,"$50,000-$2,000,000",Up to 30 years,Regular verifiable income required,Must pass serviceability assessment,Acceptable credit history; adverse events may require manual review
Bank First,Mutual / member-owned,Green / Sustainability Loan,18,Accepted residency/legal status required,No deposit if unsecured; security if applicable,"$5,000-$100,000",Up to 7 years,Regular verifiable income required,Must pass affordability assessment,Acceptable credit history; adverse events may require manual review
Bank First,Mutual / member-owned,Home Loan Refinance,18,Accepted residency/legal status required,10% demo minimum; >80% LVR extra review,"$50,000-$2,000,000",Up to 30 years,Regular verifiable income required,Must pass serviceability assessment,Acceptable credit history; adverse events may require manual review
Bank First,Mutual / member-owned,Investment Property Loan,18,Accepted residency/legal status required,10% demo minimum; >80% LVR extra review,"$50,000-$2,000,000",Up to 30 years,Regular verifiable income required,Must pass serviceability assessment,Acceptable credit history; adverse events may require manual review
Bank First,Mutual / member-owned,Owner-Occupied Home Loan,18,Accepted residency/legal status required,10% demo minimum; >80% LVR extra review,"$50,000-$2,000,000",Up to 30 years,Regular verifiable income required,Must pass serviceability assessment,Acceptable credit history; adverse events may require manual review
Bank First,Mutual / member-owned,Project Finance,Authorised corporate borrower,Corporate/legal status must be acceptable,Facility-specific collateral/leverage,"$500,000+ / negotiated",Negotiated,Audited financials and forecasts required,Debt service / covenant capacity assessed,Corporate credit assessment required
Bank First,Mutual / member-owned,Reverse Mortgage / Equity Release,18,Accepted residency/legal status required,10% demo minimum; >80% LVR extra review,"$50,000-$2,000,000",Up to 30 years,Regular verifiable income required,Must pass serviceability assessment,Acceptable credit history; adverse events may require manual review
Bank First,Mutual / member-owned,Revolving Credit Facility,Authorised corporate borrower,Corporate/legal status must be acceptable,Facility-specific collateral/leverage,"$500,000+ / negotiated",Negotiated,Audited financials and forecasts required,Debt service / covenant capacity assessed,Corporate credit assessment required
Bank First,Mutual / member-owned,Secured Personal Loan,18,Accepted residency/legal status required,No deposit if unsecured; security if applicable,"$5,000-$100,000",Up to 7 years,Regular verifiable income required,Must pass affordability assessment,Acceptable credit history; adverse events may require manual review
Bank First,Mutual / member-owned,SMSF / Self-Managed Super Property Loan,18,Accepted residency/legal status required,10% demo minimum; >80% LVR extra review,"$50,000-$2,000,000",Up to 30 years,Regular verifiable income required,Must pass serviceability assessment,Acceptable credit history; adverse events may require manual review
Bank First,Mutual / member-owned,Trade Finance,Authorised corporate borrower,Corporate/legal status must be acceptable,Facility-specific collateral/leverage,"$500,000+ / negotiated",Negotiated,Audited financials and forecasts required,Debt service / covenant capacity assessed,Corporate credit assessment required
Bank First,Mutual / member-owned,Unsecured Personal Loan,18,Accepted residency/legal status required,No deposit if unsecured; security if applicable,"$5,000-$100,000",Up to 7 years,Regular verifiable income required,Must pass affordability assessment,Acceptable credit history; adverse events may require manual review
Bank First,Mutual / member-owned,Vacant Land Loan,18,Accepted residency/legal status required,10% demo minimum; >80% LVR extra review,"$50,000-$2,000,000",Up to 30 years,Regular verifiable income required,Must pass serviceability assessment,Acceptable credit history; adverse events may require manual review
Bank First,Mutual / member-owned,Working Capital Loan,18+ / authorised business applicant,Business/legal status must be acceptable,Contribution/security depends on facility,"$20,000-$5,000,000",Up to 15 years,Business cash flow and financials required,Business serviceability/cash-flow assessment required,Business credit assessment required
Bank of us,Mutual / member-owned,Agribusiness / Farm Loan,18+ / authorised business applicant,Business/legal status must be acceptable,Contribution/security depends on facility,"$20,000-$5,000,000",Up to 15 years,Business cash flow and financials required,Business serviceability/cash-flow assessment required,Business credit assessment required
Bank of us,Mutual / member-owned,Bridging Loan,18,Accepted residency/legal status required,10% demo minimum; >80% LVR extra review,"$50,000-$2,000,000",Up to 30 years,Regular verifiable income required,Must pass serviceability assessment,Acceptable credit history; adverse events may require manual review
Bank of us,Mutual / member-owned,Business Overdraft / Line of Credit,18+ / authorised business applicant,Business/legal status must be acceptable,Contribution/security depends on facility,"$20,000-$5,000,000",Up to 15 years,Business cash flow and financials required,Business serviceability/cash-flow assessment required,Business credit assessment required
Bank of us,Mutual / member-owned,Business Term Loan,18+ / authorised business applicant,Business/legal status must be acceptable,Contribution/security depends on facility,"$20,000-$5,000,000",Up to 15 years,Business cash flow and financials required,Business serviceability/cash-flow assessment required,Business credit assessment required
Bank of us,Mutual / member-owned,Car / Vehicle Loan,18,Accepted residency/legal status required,No deposit if unsecured; security if applicable,"$5,000-$100,000",Up to 7 years,Regular verifiable income required,Must pass affordability assessment,Acceptable credit history; adverse events may require manual review
Bank of us,Mutual / member-owned,Commercial Property Loan,18+ / authorised business applicant,Business/legal status must be acceptable,Contribution/security depends on facility,"$20,000-$5,000,000",Up to 15 years,Business cash flow and financials required,Business serviceability/cash-flow assessment required,Business credit assessment required
Bank of us,Mutual / member-owned,Commercial Real Estate Finance,Authorised corporate borrower,Corporate/legal status must be acceptable,Facility-specific collateral/leverage,"$500,000+ / negotiated",Negotiated,Audited financials and forecasts required,Debt service / covenant capacity assessed,Corporate credit assessment required
Bank of us,Mutual / member-owned,Construction Loan,18,Accepted residency/legal status required,10% demo minimum; >80% LVR extra review,"$50,000-$2,000,000",Up to 30 years,Regular verifiable income required,Must pass serviceability assessment,Acceptable credit history; adverse events may require manual review
Bank of us,Mutual / member-owned,Corporate Term Facility,Authorised corporate borrower,Corporate/legal status must be acceptable,Facility-specific collateral/leverage,"$500,000+ / negotiated",Negotiated,Audited financials and forecasts required,Debt service / covenant capacity assessed,Corporate credit assessment required
Bank of us,Mutual / member-owned,Equipment / Asset Finance,18+ / authorised business applicant,Business/legal status must be acceptable,Contribution/security depends on facility,"$20,000-$5,000,000",Up to 15 years,Business cash flow and financials required,Business serviceability/cash-flow assessment required,Business credit assessment required
Bank of us,Mutual / member-owned,First Home Buyer Loan,18,Accepted residency/legal status required,10% demo minimum; >80% LVR extra review,"$50,000-$2,000,000",Up to 30 years,Regular verifiable income required,Must pass serviceability assessment,Acceptable credit history; adverse events may require manual review
Bank of us,Mutual / member-owned,Green / Sustainability Loan,18,Accepted residency/legal status required,No deposit if unsecured; security if applicable,"$5,000-$100,000",Up to 7 years,Regular verifiable income required,Must pass affordability assessment,Acceptable credit history; adverse events may require manual review
Bank of us,Mutual / member-owned,Home Loan Refinance,18,Accepted residency/legal status required,10% demo minimum; >80% LVR extra review,"$50,000-$2,000,000",Up to 30 years,Regular verifiable income required,Must pass serviceability assessment,Acceptable credit history; adverse events may require manual review
Bank of us,Mutual / member-owned,Investment Property Loan,18,Accepted residency/legal status required,10% demo minimum; >80% LVR extra review,"$50,000-$2,000,000",Up to 30 years,Regular verifiable income required,Must pass serviceability assessment,Acceptable credit history; adverse events may require manual review
Bank of us,Mutual / member-owned,Owner-Occupied Home Loan,18,Accepted residency/legal status required,10% demo minimum; >80% LVR extra review,"$50,000-$2,000,000",Up to 30 years,Regular verifiable income required,Must pass serviceability assessment,Acceptable credit history; adverse events may require manual review
Bank of us,Mutual / member-owned,Project Finance,Authorised corporate borrower,Corporate/legal status must be acceptable,Facility-specific collateral/leverage,"$500,000+ / negotiated",Negotiated,Audited financials and forecasts required,Debt service / covenant capacity assessed,Corporate credit assessment required
Bank of us,Mutual / member-owned,Reverse Mortgage / Equity Release,18,Accepted residency/legal status required,10% demo minimum; >80% LVR extra review,"$50,000-$2,000,000",Up to 30 years,Regular verifiable income required,Must pass serviceability assessment,Acceptable credit history; adverse events may require manual review
Bank of us,Mutual / member-owned,Revolving Credit Facility,Authorised corporate borrower,Corporate/legal status must be acceptable,Facility-specific collateral/leverage,"$500,000+ / negotiated",Negotiated,Audited financials and forecasts required,Debt service / covenant capacity assessed,Corporate credit assessment required
Bank of us,Mutual / member-owned,Secured Personal Loan,18,Accepted residency/legal status required,No deposit if unsecured; security if applicable,"$5,000-$100,000",Up to 7 years,Regular verifiable income required,Must pass affordability assessment,Acceptable credit history; adverse events may require manual review
Bank of us,Mutual / member-owned,SMSF / Self-Managed Super Property Loan,18,Accepted residency/legal status required,10% demo minimum; >80% LVR extra review,"$50,000-$2,000,000",Up to 30 years,Regular verifiable income required,Must pass serviceability assessment,Acceptable credit history; adverse events may require manual review
Bank of us,Mutual / member-owned,Trade Finance,Authorised corporate borrower,Corporate/legal status must be acceptable,Facility-specific collateral/leverage,"$500,000+ / negotiated",Negotiated,Audited financials and forecasts required,Debt service / covenant capacity assessed,Corporate credit assessment required
Bank of us,Mutual / member-owned,Unsecured Personal Loan,18,Accepted residency/legal status required,No deposit if unsecured; security if applicable,"$5,000-$100,000",Up to 7 years,Regular verifiable income required,Must pass affordability assessment,Acceptable credit history; adverse events may require manual review
Bank of us,Mutual / member-owned,Vacant Land Loan,18,Accepted residency/legal status required,10% demo minimum; >80% LVR extra review,"$50,000-$2,000,000",Up to 30 years,Regular verifiable income required,Must pass serviceability assessment,Acceptable credit history; adverse events may require manual review
Bank of us,Mutual / member-owned,Working Capital Loan,18+ / authorised business applicant,Business/legal status must be acceptable,Contribution/security depends on facility,"$20,000-$5,000,000",Up to 15 years,Business cash flow and financials required,Business serviceability/cash-flow assessment required,Business credit assessment required
MOVE Bank,Mutual / member-owned,Agribusiness / Farm Loan,18+ / authorised business applicant,Business/legal status must be acceptable,Contribution/security depends on facility,"$20,000-$5,000,000",Up to 15 years,Business cash flow and financials required,Business serviceability/cash-flow assessment required,Business credit assessment required
MOVE Bank,Mutual / member-owned,Bridging Loan,18,Accepted residency/legal status required,10% demo minimum; >80% LVR extra review,"$50,000-$2,000,000",Up to 30 years,Regular verifiable income required,Must pass serviceability assessment,Acceptable credit history; adverse events may require manual review
MOVE Bank,Mutual / member-owned,Business Overdraft / Line of Credit,18+ / authorised business applicant,Business/legal status must be acceptable,Contribution/security depends on facility,"$20,000-$5,000,000",Up to 15 years,Business cash flow and financials required,Business serviceability/cash-flow assessment required,Business credit assessment required
MOVE Bank,Mutual / member-owned,Business Term Loan,18+ / authorised business applicant,Business/legal status must be acceptable,Contribution/security depends on facility,"$20,000-$5,000,000",Up to 15 years,Business cash flow and financials required,Business serviceability/cash-flow assessment required,Business credit assessment required
MOVE Bank,Mutual / member-owned,Car / Vehicle Loan,18,Accepted residency/legal status required,No deposit if unsecured; security if applicable,"$5,000-$100,000",Up to 7 years,Regular verifiable income required,Must pass affordability assessment,Acceptable credit history; adverse events may require manual review
MOVE Bank,Mutual / member-owned,Commercial Property Loan,18+ / authorised business applicant,Business/legal status must be acceptable,Contribution/security depends on facility,"$20,000-$5,000,000",Up to 15 years,Business cash flow and financials required,Business serviceability/cash-flow assessment required,Business credit assessment required
MOVE Bank,Mutual / member-owned,Commercial Real Estate Finance,Authorised corporate borrower,Corporate/legal status must be acceptable,Facility-specific collateral/leverage,"$500,000+ / negotiated",Negotiated,Audited financials and forecasts required,Debt service / covenant capacity assessed,Corporate credit assessment required
MOVE Bank,Mutual / member-owned,Construction Loan,18,Accepted residency/legal status required,10% demo minimum; >80% LVR extra review,"$50,000-$2,000,000",Up to 30 years,Regular verifiable income required,Must pass serviceability assessment,Acceptable credit history; adverse events may require manual review
MOVE Bank,Mutual / member-owned,Corporate Term Facility,Authorised corporate borrower,Corporate/legal status must be acceptable,Facility-specific collateral/leverage,"$500,000+ / negotiated",Negotiated,Audited financials and forecasts required,Debt service / covenant capacity assessed,Corporate credit assessment required
MOVE Bank,Mutual / member-owned,Equipment / Asset Finance,18+ / authorised business applicant,Business/legal status must be acceptable,Contribution/security depends on facility,"$20,000-$5,000,000",Up to 15 years,Business cash flow and financials required,Business serviceability/cash-flow assessment required,Business credit assessment required
MOVE Bank,Mutual / member-owned,First Home Buyer Loan,18,Accepted residency/legal status required,10% demo minimum; >80% LVR extra review,"$50,000-$2,000,000",Up to 30 years,Regular verifiable income required,Must pass serviceability assessment,Acceptable credit history; adverse events may require manual review
MOVE Bank,Mutual / member-owned,Green / Sustainability Loan,18,Accepted residency/legal status required,No deposit if unsecured; security if applicable,"$5,000-$100,000",Up to 7 years,Regular verifiable income required,Must pass affordability assessment,Acceptable credit history; adverse events may require manual review
MOVE Bank,Mutual / member-owned,Home Loan Refinance,18,Accepted residency/legal status required,10% demo minimum; >80% LVR extra review,"$50,000-$2,000,000",Up to 30 years,Regular verifiable income required,Must pass serviceability assessment,Acceptable credit history; adverse events may require manual review
MOVE Bank,Mutual / member-owned,Investment Property Loan,18,Accepted residency/legal status required,10% demo minimum; >80% LVR extra review,"$50,000-$2,000,000",Up to 30 years,Regular verifiable income required,Must pass serviceability assessment,Acceptable credit history; adverse events may require manual review
MOVE Bank,Mutual / member-owned,Owner-Occupied Home Loan,18,Accepted residency/legal status required,10% demo minimum; >80% LVR extra review,"$50,000-$2,000,000",Up to 30 years,Regular verifiable income required,Must pass serviceability assessment,Acceptable credit history; adverse events may require manual review
MOVE Bank,Mutual / member-owned,Project Finance,Authorised corporate borrower,Corporate/legal status must be acceptable,Facility-specific collateral/leverage,"$500,000+ / negotiated",Negotiated,Audited financials and forecasts required,Debt service / covenant capacity assessed,Corporate credit assessment required
MOVE Bank,Mutual / member-owned,Reverse Mortgage / Equity Release,18,Accepted residency/legal status required,10% demo minimum; >80% LVR extra review,"$50,000-$2,000,000",Up to 30 years,Regular verifiable income required,Must pass serviceability assessment,Acceptable credit history; adverse events may require manual review
MOVE Bank,Mutual / member-owned,Revolving Credit Facility,Authorised corporate borrower,Corporate/legal status must be acceptable,Facility-specific collateral/leverage,"$500,000+ / negotiated",Negotiated,Audited financials and forecasts required,Debt service / covenant capacity assessed,Corporate credit assessment required
MOVE Bank,Mutual / member-owned,Secured Personal Loan,18,Accepted residency/legal status required,No deposit if unsecured; security if applicable,"$5,000-$100,000",Up to 7 years,Regular verifiable income required,Must pass affordability assessment,Acceptable credit history; adverse events may require manual review
MOVE Bank,Mutual / member-owned,SMSF / Self-Managed Super Property Loan,18,Accepted residency/legal status required,10% demo minimum; >80% LVR extra review,"$50,000-$2,000,000",Up to 30 years,Regular verifiable income required,Must pass serviceability assessment,Acceptable credit history; adverse events may require manual review
MOVE Bank,Mutual / member-owned,Trade Finance,Authorised corporate borrower,Corporate/legal status must be acceptable,Facility-specific collateral/leverage,"$500,000+ / negotiated",Negotiated,Audited financials and forecasts required,Debt service / covenant capacity assessed,Corporate credit assessment required
MOVE Bank,Mutual / member-owned,Unsecured Personal Loan,18,Accepted residency/legal status required,No deposit if unsecured; security if applicable,"$5,000-$100,000",Up to 7 years,Regular verifiable income required,Must pass affordability assessment,Acceptable credit history; adverse events may require manual review
MOVE Bank,Mutual / member-owned,Vacant Land Loan,18,Accepted residency/legal status required,10% demo minimum; >80% LVR extra review,"$50,000-$2,000,000",Up to 30 years,Regular verifiable income required,Must pass serviceability assessment,Acceptable credit history; adverse events may require manual review
MOVE Bank,Mutual / member-owned,Working Capital Loan,18+ / authorised business applicant,Business/legal status must be acceptable,Contribution/security depends on facility,"$20,000-$5,000,000",Up to 15 years,Business cash flow and financials required,Business serviceability/cash-flow assessment required,Business credit assessment required
BankWAW,Mutual / member-owned,Agribusiness / Farm Loan,18+ / authorised business applicant,Business/legal status must be acceptable,Contribution/security depends on facility,"$20,000-$5,000,000",Up to 15 years,Business cash flow and financials required,Business serviceability/cash-flow assessment required,Business credit assessment required
BankWAW,Mutual / member-owned,Bridging Loan,18,Accepted residency/legal status required,10% demo minimum; >80% LVR extra review,"$50,000-$2,000,000",Up to 30 years,Regular verifiable income required,Must pass serviceability assessment,Acceptable credit history; adverse events may require manual review
BankWAW,Mutual / member-owned,Business Overdraft / Line of Credit,18+ / authorised business applicant,Business/legal status must be acceptable,Contribution/security depends on facility,"$20,000-$5,000,000",Up to 15 years,Business cash flow and financials required,Business serviceability/cash-flow assessment required,Business credit assessment required
BankWAW,Mutual / member-owned,Business Term Loan,18+ / authorised business applicant,Business/legal status must be acceptable,Contribution/security depends on facility,"$20,000-$5,000,000",Up to 15 years,Business cash flow and financials required,Business serviceability/cash-flow assessment required,Business credit assessment required
BankWAW,Mutual / member-owned,Car / Vehicle Loan,18,Accepted residency/legal status required,No deposit if unsecured; security if applicable,"$5,000-$100,000",Up to 7 years,Regular verifiable income required,Must pass affordability assessment,Acceptable credit history; adverse events may require manual review
BankWAW,Mutual / member-owned,Commercial Property Loan,18+ / authorised business applicant,Business/legal status must be acceptable,Contribution/security depends on facility,"$20,000-$5,000,000",Up to 15 years,Business cash flow and financials required,Business serviceability/cash-flow assessment required,Business credit assessment required
BankWAW,Mutual / member-owned,Commercial Real Estate Finance,Authorised corporate borrower,Corporate/legal status must be acceptable,Facility-specific collateral/leverage,"$500,000+ / negotiated",Negotiated,Audited financials and forecasts required,Debt service / covenant capacity assessed,Corporate credit assessment required
BankWAW,Mutual / member-owned,Construction Loan,18,Accepted residency/legal status required,10% demo minimum; >80% LVR extra review,"$50,000-$2,000,000",Up to 30 years,Regular verifiable income required,Must pass serviceability assessment,Acceptable credit history; adverse events may require manual review
BankWAW,Mutual / member-owned,Corporate Term Facility,Authorised corporate borrower,Corporate/legal status must be acceptable,Facility-specific collateral/leverage,"$500,000+ / negotiated",Negotiated,Audited financials and forecasts required,Debt service / covenant capacity assessed,Corporate credit assessment required
BankWAW,Mutual / member-owned,Equipment / Asset Finance,18+ / authorised business applicant,Business/legal status must be acceptable,Contribution/security depends on facility,"$20,000-$5,000,000",Up to 15 years,Business cash flow and financials required,Business serviceability/cash-flow assessment required,Business credit assessment required
BankWAW,Mutual / member-owned,First Home Buyer Loan,18,Accepted residency/legal status required,10% demo minimum; >80% LVR extra review,"$50,000-$2,000,000",Up to 30 years,Regular verifiable income required,Must pass serviceability assessment,Acceptable credit history; adverse events may require manual review
BankWAW,Mutual / member-owned,Green / Sustainability Loan,18,Accepted residency/legal status required,No deposit if unsecured; security if applicable,"$5,000-$100,000",Up to 7 years,Regular verifiable income required,Must pass affordability assessment,Acceptable credit history; adverse events may require manual review
BankWAW,Mutual / member-owned,Home Loan Refinance,18,Accepted residency/legal status required,10% demo minimum; >80% LVR extra review,"$50,000-$2,000,000",Up to 30 years,Regular verifiable income required,Must pass serviceability assessment,Acceptable credit history; adverse events may require manual review
BankWAW,Mutual / member-owned,Investment Property Loan,18,Accepted residency/legal status required,10% demo minimum; >80% LVR extra review,"$50,000-$2,000,000",Up to 30 years,Regular verifiable income required,Must pass serviceability assessment,Acceptable credit history; adverse events may require manual review
BankWAW,Mutual / member-owned,Owner-Occupied Home Loan,18,Accepted residency/legal status required,10% demo minimum; >80% LVR extra review,"$50,000-$2,000,000",Up to 30 years,Regular verifiable income required,Must pass serviceability assessment,Acceptable credit history; adverse events may require manual review
BankWAW,Mutual / member-owned,Project Finance,Authorised corporate borrower,Corporate/legal status must be acceptable,Facility-specific collateral/leverage,"$500,000+ / negotiated",Negotiated,Audited financials and forecasts required,Debt service / covenant capacity assessed,Corporate credit assessment required
BankWAW,Mutual / member-owned,Reverse Mortgage / Equity Release,18,Accepted residency/legal status required,10% demo minimum; >80% LVR extra review,"$50,000-$2,000,000",Up to 30 years,Regular verifiable income required,Must pass serviceability assessment,Acceptable credit history; adverse events may require manual review
BankWAW,Mutual / member-owned,Revolving Credit Facility,Authorised corporate borrower,Corporate/legal status must be acceptable,Facility-specific collateral/leverage,"$500,000+ / negotiated",Negotiated,Audited financials and forecasts required,Debt service / covenant capacity assessed,Corporate credit assessment required
BankWAW,Mutual / member-owned,Secured Personal Loan,18,Accepted residency/legal status required,No deposit if unsecured; security if applicable,"$5,000-$100,000",Up to 7 years,Regular verifiable income required,Must pass affordability assessment,Acceptable credit history; adverse events may require manual review
BankWAW,Mutual / member-owned,SMSF / Self-Managed Super Property Loan,18,Accepted residency/legal status required,10% demo minimum; >80% LVR extra review,"$50,000-$2,000,000",Up to 30 years,Regular verifiable income required,Must pass serviceability assessment,Acceptable credit history; adverse events may require manual review
BankWAW,Mutual / member-owned,Trade Finance,Authorised corporate borrower,Corporate/legal status must be acceptable,Facility-specific collateral/leverage,"$500,000+ / negotiated",Negotiated,Audited financials and forecasts required,Debt service / covenant capacity assessed,Corporate credit assessment required
BankWAW,Mutual / member-owned,Unsecured Personal Loan,18,Accepted residency/legal status required,No deposit if unsecured; security if applicable,"$5,000-$100,000",Up to 7 years,Regular verifiable income required,Must pass affordability assessment,Acceptable credit history; adverse events may require manual review
BankWAW,Mutual / member-owned,Vacant Land Loan,18,Accepted residency/legal status required,10% demo minimum; >80% LVR extra review,"$50,000-$2,000,000",Up to 30 years,Regular verifiable income required,Must pass serviceability assessment,Acceptable credit history; adverse events may require manual review
BankWAW,Mutual / member-owned,Working Capital Loan,18+ / authorised business applicant,Business/legal status must be acceptable,Contribution/security depends on facility,"$20,000-$5,000,000",Up to 15 years,Business cash flow and financials required,Business serviceability/cash-flow assessment required,Business credit assessment required